250702050644: HistoryEditPage.php: second pass
250702050702: HistoryEditPage.php: first_pass
250702050702: HistoryEditPage.php: oshima
250702050702: HistoryEditPage.php: amihsho
250702050702: HistoryEditPage.php: クラス1;クラス2;クラス3;クラス4;クラス5;クラス6;クラス7;クラス8;クラス9
250702050702: HistoryEditPage.php: second pass
250702050702: HistoryEditPage.php: first_pass
250702050702: HistoryEditPage.php: param:#notic#oshima#
250702050702: HistoryEditPage.php: second pass
250702051007: HistoryEditPage.php: first_pass
250702051007: HistoryEditPage.php: 
250702051007: HistoryEditPage.php: amihsho
250702051007: HistoryEditPage.php: 
250702051007: HistoryEditPage.php: second pass
250702051020: HistoryEditPage.php: first_pass
250702051020: HistoryEditPage.php: 
250702051020: HistoryEditPage.php: amihsho
250702051020: HistoryEditPage.php: 
250702051020: HistoryEditPage.php: second pass
250702051021: HistoryEditPage.php: first_pass
250702051021: HistoryEditPage.php: 
250702051021: HistoryEditPage.php: amihsho
250702051021: HistoryEditPage.php: 
250702051021: HistoryEditPage.php: second pass
250702051618: HistoryEditPage.php: first_pass
250702051618: HistoryEditPage.php: 
250702051618: HistoryEditPage.php: amihsho
250702051618: HistoryEditPage.php: 
250702051618: HistoryEditPage.php: second pass
250702051619: HistoryEditPage.php: first_pass
250702051619: HistoryEditPage.php: 
250702051619: HistoryEditPage.php: amihsho
250702051619: HistoryEditPage.php: 
250702051619: HistoryEditPage.php: second pass
250702051643: HistoryEditPage.php: second pass
250702051654: HistoryEditPage.php: first_pass
250702051654: HistoryEditPage.php: oshima
250702051654: HistoryEditPage.php: amihsho
250702051654: HistoryEditPage.php: クラス1;クラス2;クラス3;クラス4;クラス5;クラス6;クラス7;クラス8;クラス9
250702051654: HistoryEditPage.php: second pass
250702051654: HistoryEditPage.php: first_pass
250702051654: HistoryEditPage.php: param:#notic#oshima#クラス1;クラス2;クラス3;クラス4;クラス5;クラス6;クラス7;クラス8;クラス9
250702051654: HistoryEditPage.php: second pass
250702051654: HistoryEditPage.php: types:クラス1;クラス2;クラス3;クラス4;クラス5;クラス6;クラス7;クラス8;クラス9
250702052045: HistoryEditPage.php: first_pass
250702052045: HistoryEditPage.php: param:#notic#oshima#クラス1;クラス2;クラス3;クラス4;クラス5;クラス6;クラス7;クラス8;クラス9
250702052045: HistoryEditPage.php: second pass
250702052045: HistoryEditPage.php: types:クラス1;クラス2;クラス3;クラス4;クラス5;クラス6;クラス7;クラス8;クラス9
250702052054: HistoryEditPage.php: first_pass
250702052054: HistoryEditPage.php: oshima
250702052054: HistoryEditPage.php: amihsho
250702052054: HistoryEditPage.php: クラス1;クラス2;クラス3;クラス4;クラス5;クラス6;クラス7;クラス8;クラス9
250702052054: HistoryEditPage.php: second pass
250702052054: HistoryEditPage.php: first_pass
250702052054: HistoryEditPage.php: param:#notic#oshima#クラス1;クラス2;クラス3;クラス4;クラス5;クラス6;クラス7;クラス8;クラス9
250702052054: HistoryEditPage.php: second pass
250702052054: HistoryEditPage.php: types:クラス1;クラス2;クラス3;クラス4;クラス5;クラス6;クラス7;クラス8;クラス9
250702052504: HistoryEditPage.php: first_pass
250702052504: HistoryEditPage.php: param:#notic#oshima#クラス1;クラス2;クラス3;クラス4;クラス5;クラス6;クラス7;クラス8;クラス9
250702052504: HistoryEditPage.php: second pass
250702052504: HistoryEditPage.php: types:クラス1;クラス2;クラス3;クラス4;クラス5;クラス6;クラス7;クラス8;クラス9
250702052504: HistoryEditPage.php: <td><input type=text name=type1 size=5 value=クラス1></td>
250702052504: HistoryEditPage.php: <td><input type=text name=type2 size=5 value=クラス2></td>
250702052504: HistoryEditPage.php: <td><input type=text name=type3 size=5 value=クラス3></td>
250702052504: HistoryEditPage.php: <td><input type=text name=type4 size=5 value=クラス4></td>
250702052504: HistoryEditPage.php: <td><input type=text name=type5 size=5 value=クラス5></td>
250702052504: HistoryEditPage.php: <td><input type=text name=type6 size=5 value=クラス6></td>
250702052504: HistoryEditPage.php: <td><input type=text name=type7 size=5 value=クラス7></td>
250702052504: HistoryEditPage.php: <td><input type=text name=type8 size=5 value=クラス8></td>
250702052504: HistoryEditPage.php: <td><input type=text name=type9 size=5 value=クラス9></td>
250702052507: HistoryEditPage.php: first_pass
250702052507: HistoryEditPage.php: param:#notic#oshima#クラス1;クラス2;クラス3;クラス4;クラス5;クラス6;クラス7;クラス8;クラス9
250702052507: HistoryEditPage.php: second pass
250702052507: HistoryEditPage.php: types:クラス1;クラス2;クラス3;クラス4;クラス5;クラス6;クラス7;クラス8;クラス9
250702052507: HistoryEditPage.php: <td><input type=text name=type1 size=5 value=クラス1></td>
250702052507: HistoryEditPage.php: <td><input type=text name=type2 size=5 value=クラス2></td>
250702052507: HistoryEditPage.php: <td><input type=text name=type3 size=5 value=クラス3></td>
250702052507: HistoryEditPage.php: <td><input type=text name=type4 size=5 value=クラス4></td>
250702052507: HistoryEditPage.php: <td><input type=text name=type5 size=5 value=クラス5></td>
250702052507: HistoryEditPage.php: <td><input type=text name=type6 size=5 value=クラス6></td>
250702052507: HistoryEditPage.php: <td><input type=text name=type7 size=5 value=クラス7></td>
250702052507: HistoryEditPage.php: <td><input type=text name=type8 size=5 value=クラス8></td>
250702052507: HistoryEditPage.php: <td><input type=text name=type9 size=5 value=クラス9></td>
250702052530: HistoryEditPage.php: second pass
250702052530: HistoryEditPage.php: <td><input type=text name=type1 size=5 value=></td>
250702052530: HistoryEditPage.php: <td><input type=text name=type2 size=5 value=></td>
250702052530: HistoryEditPage.php: <td><input type=text name=type3 size=5 value=></td>
250702052530: HistoryEditPage.php: <td><input type=text name=type4 size=5 value=></td>
250702052530: HistoryEditPage.php: <td><input type=text name=type5 size=5 value=></td>
250702052530: HistoryEditPage.php: <td><input type=text name=type6 size=5 value=></td>
250702052530: HistoryEditPage.php: <td><input type=text name=type7 size=5 value=></td>
250702052530: HistoryEditPage.php: <td><input type=text name=type8 size=5 value=></td>
250702052530: HistoryEditPage.php: <td><input type=text name=type9 size=5 value=></td>
250702052540: HistoryEditPage.php: first_pass
250702052540: HistoryEditPage.php: oshima
250702052540: HistoryEditPage.php: amihsho
250702052540: HistoryEditPage.php: クラス1;クラス2;クラス3;クラス4;クラス5;クラス6;クラス7;クラス8;クラス9
250702052540: HistoryEditPage.php: second pass
250702052540: HistoryEditPage.php: <td><input type=text name=type1 size=5 value=></td>
250702052540: HistoryEditPage.php: <td><input type=text name=type2 size=5 value=></td>
250702052540: HistoryEditPage.php: <td><input type=text name=type3 size=5 value=></td>
250702052540: HistoryEditPage.php: <td><input type=text name=type4 size=5 value=></td>
250702052540: HistoryEditPage.php: <td><input type=text name=type5 size=5 value=></td>
250702052540: HistoryEditPage.php: <td><input type=text name=type6 size=5 value=></td>
250702052540: HistoryEditPage.php: <td><input type=text name=type7 size=5 value=></td>
250702052540: HistoryEditPage.php: <td><input type=text name=type8 size=5 value=></td>
250702052540: HistoryEditPage.php: <td><input type=text name=type9 size=5 value=></td>
250702052540: HistoryEditPage.php: first_pass
250702052540: HistoryEditPage.php: param:#notic#oshima#クラス1;クラス2;クラス3;クラス4;クラス5;クラス6;クラス7;クラス8;クラス9
250702052540: HistoryEditPage.php: second pass
250702052540: HistoryEditPage.php: types:クラス1;クラス2;クラス3;クラス4;クラス5;クラス6;クラス7;クラス8;クラス9
250702052540: HistoryEditPage.php: <td><input type=text name=type1 size=5 value=クラス1></td>
250702052540: HistoryEditPage.php: <td><input type=text name=type2 size=5 value=クラス2></td>
250702052540: HistoryEditPage.php: <td><input type=text name=type3 size=5 value=クラス3></td>
250702052540: HistoryEditPage.php: <td><input type=text name=type4 size=5 value=クラス4></td>
250702052540: HistoryEditPage.php: <td><input type=text name=type5 size=5 value=クラス5></td>
250702052540: HistoryEditPage.php: <td><input type=text name=type6 size=5 value=クラス6></td>
250702052540: HistoryEditPage.php: <td><input type=text name=type7 size=5 value=クラス7></td>
250702052540: HistoryEditPage.php: <td><input type=text name=type8 size=5 value=クラス8></td>
250702052540: HistoryEditPage.php: <td><input type=text name=type9 size=5 value=クラス9></td>
250702053109: HistoryEditPage.php: second pass
250702053109: HistoryEditPage.php: <td><input type=text name=type1 size=5 value=></td>
250702053109: HistoryEditPage.php: <td><input type=text name=type2 size=5 value=></td>
250702053109: HistoryEditPage.php: <td><input type=text name=type3 size=5 value=></td>
250702053109: HistoryEditPage.php: <td><input type=text name=type4 size=5 value=></td>
250702053109: HistoryEditPage.php: <td><input type=text name=type5 size=5 value=></td>
250702053109: HistoryEditPage.php: <td><input type=text name=type6 size=5 value=></td>
250702053109: HistoryEditPage.php: <td><input type=text name=type7 size=5 value=></td>
250702053109: HistoryEditPage.php: <td><input type=text name=type8 size=5 value=></td>
250702053109: HistoryEditPage.php: <td><input type=text name=type9 size=5 value=></td>
250702053109: HistoryEditPage.php: <td><input type=text name=type1 size=5 value=クラス1></td>
250702053109: HistoryEditPage.php: <td><input type=text name=type2 size=5 value=クラス2></td>
250702053109: HistoryEditPage.php: <td><input type=text name=type3 size=5 value=クラス3></td>
250702053109: HistoryEditPage.php: <td><input type=text name=type4 size=5 value=クラス4></td>
250702053109: HistoryEditPage.php: <td><input type=text name=type5 size=5 value=クラス5></td>
250702053109: HistoryEditPage.php: <td><input type=text name=type6 size=5 value=クラス6></td>
250702053109: HistoryEditPage.php: <td><input type=text name=type7 size=5 value=クラス7></td>
250702053109: HistoryEditPage.php: <td><input type=text name=type8 size=5 value=クラス8></td>
250702053109: HistoryEditPage.php: <td><input type=text name=type9 size=5 value=クラス9></td>
250702053136: HistoryEditPage.php: first_pass
250702053136: HistoryEditPage.php: oshima
250702053136: HistoryEditPage.php: amihsho
250702053136: HistoryEditPage.php: クラス1;クラス2;クラス3;クラス4;クラス5;クラス6;クラス7;クラス8;クラス9
250702053136: HistoryEditPage.php: second pass
250702053136: HistoryEditPage.php: <td><input type=text name=type1 size=5 value=></td>
250702053136: HistoryEditPage.php: <td><input type=text name=type2 size=5 value=></td>
250702053136: HistoryEditPage.php: <td><input type=text name=type3 size=5 value=></td>
250702053136: HistoryEditPage.php: <td><input type=text name=type4 size=5 value=></td>
250702053136: HistoryEditPage.php: <td><input type=text name=type5 size=5 value=></td>
250702053136: HistoryEditPage.php: <td><input type=text name=type6 size=5 value=></td>
250702053136: HistoryEditPage.php: <td><input type=text name=type7 size=5 value=></td>
250702053136: HistoryEditPage.php: <td><input type=text name=type8 size=5 value=></td>
250702053136: HistoryEditPage.php: <td><input type=text name=type9 size=5 value=></td>
250702053136: HistoryEditPage.php: <td><input type=text name=type1 size=5 value=クラス1></td>
250702053136: HistoryEditPage.php: <td><input type=text name=type2 size=5 value=クラス2></td>
250702053136: HistoryEditPage.php: <td><input type=text name=type3 size=5 value=クラス3></td>
250702053136: HistoryEditPage.php: <td><input type=text name=type4 size=5 value=クラス4></td>
250702053136: HistoryEditPage.php: <td><input type=text name=type5 size=5 value=クラス5></td>
250702053136: HistoryEditPage.php: <td><input type=text name=type6 size=5 value=クラス6></td>
250702053136: HistoryEditPage.php: <td><input type=text name=type7 size=5 value=クラス7></td>
250702053136: HistoryEditPage.php: <td><input type=text name=type8 size=5 value=クラス8></td>
250702053136: HistoryEditPage.php: <td><input type=text name=type9 size=5 value=クラス9></td>
250702053136: HistoryEditPage.php: first_pass
250702053136: HistoryEditPage.php: param:#notic#oshima#クラス1;クラス2;クラス3;クラス4;クラス5;クラス6;クラス7;クラス8;クラス9
250702053136: HistoryEditPage.php: second pass
250702053136: HistoryEditPage.php: types:クラス1;クラス2;クラス3;クラス4;クラス5;クラス6;クラス7;クラス8;クラス9
250702053136: HistoryEditPage.php: <td><input type=text name=type1 size=5 value=クラス1></td>
250702053136: HistoryEditPage.php: <td><input type=text name=type2 size=5 value=クラス2></td>
250702053136: HistoryEditPage.php: <td><input type=text name=type3 size=5 value=クラス3></td>
250702053136: HistoryEditPage.php: <td><input type=text name=type4 size=5 value=クラス4></td>
250702053136: HistoryEditPage.php: <td><input type=text name=type5 size=5 value=クラス5></td>
250702053136: HistoryEditPage.php: <td><input type=text name=type6 size=5 value=クラス6></td>
250702053136: HistoryEditPage.php: <td><input type=text name=type7 size=5 value=クラス7></td>
250702053136: HistoryEditPage.php: <td><input type=text name=type8 size=5 value=クラス8></td>
250702053136: HistoryEditPage.php: <td><input type=text name=type9 size=5 value=クラス9></td>
250702053136: HistoryEditPage.php: <td><input type=text name=type1 size=5 value=クラス1></td>
250702053136: HistoryEditPage.php: <td><input type=text name=type2 size=5 value=クラス2></td>
250702053136: HistoryEditPage.php: <td><input type=text name=type3 size=5 value=クラス3></td>
250702053136: HistoryEditPage.php: <td><input type=text name=type4 size=5 value=クラス4></td>
250702053136: HistoryEditPage.php: <td><input type=text name=type5 size=5 value=クラス5></td>
250702053136: HistoryEditPage.php: <td><input type=text name=type6 size=5 value=クラス6></td>
250702053136: HistoryEditPage.php: <td><input type=text name=type7 size=5 value=クラス7></td>
250702053136: HistoryEditPage.php: <td><input type=text name=type8 size=5 value=クラス8></td>
250702053136: HistoryEditPage.php: <td><input type=text name=type9 size=5 value=クラス9></td>
250702053409: HistoryEditPage.php: second pass
250702053409: HistoryEditPage.php: <td><input type=text name=type1 size=5 value=></td>
250702053409: HistoryEditPage.php: <td><input type=text name=type2 size=5 value=></td>
250702053409: HistoryEditPage.php: <td><input type=text name=type3 size=5 value=></td>
250702053409: HistoryEditPage.php: <td><input type=text name=type4 size=5 value=></td>
250702053409: HistoryEditPage.php: <td><input type=text name=type5 size=5 value=></td>
250702053409: HistoryEditPage.php: <td><input type=text name=type6 size=5 value=></td>
250702053409: HistoryEditPage.php: <td><input type=text name=type7 size=5 value=></td>
250702053409: HistoryEditPage.php: <td><input type=text name=type8 size=5 value=></td>
250702053409: HistoryEditPage.php: <td><input type=text name=type9 size=5 value=></td>
250702053409: HistoryEditPage.php: <td><input type=text name=type1 size=5 value=クラス1></td>
250702053409: HistoryEditPage.php: <td><input type=text name=type2 size=5 value=クラス2></td>
250702053409: HistoryEditPage.php: <td><input type=text name=type3 size=5 value=クラス3></td>
250702053409: HistoryEditPage.php: <td><input type=text name=type4 size=5 value=クラス4></td>
250702053409: HistoryEditPage.php: <td><input type=text name=type5 size=5 value=クラス5></td>
250702053409: HistoryEditPage.php: <td><input type=text name=type6 size=5 value=クラス6></td>
250702053409: HistoryEditPage.php: <td><input type=text name=type7 size=5 value=クラス7></td>
250702053409: HistoryEditPage.php: <td><input type=text name=type8 size=5 value=クラス8></td>
250702053409: HistoryEditPage.php: <td><input type=text name=type9 size=5 value=クラス9></td>
250702053420: HistoryEditPage.php: first_pass
250702053420: HistoryEditPage.php: oshima
250702053420: HistoryEditPage.php: amihsho
250702053420: HistoryEditPage.php: クラス1;クラス2;クラス3;クラス4;クラス5;クラス6;クラス7;クラス8;クラス9
250702053420: HistoryEditPage.php: second pass
250702053420: HistoryEditPage.php: <td><input type=text name=type1 size=5 value=></td>
250702053420: HistoryEditPage.php: <td><input type=text name=type2 size=5 value=></td>
250702053420: HistoryEditPage.php: <td><input type=text name=type3 size=5 value=></td>
250702053420: HistoryEditPage.php: <td><input type=text name=type4 size=5 value=></td>
250702053420: HistoryEditPage.php: <td><input type=text name=type5 size=5 value=></td>
250702053420: HistoryEditPage.php: <td><input type=text name=type6 size=5 value=></td>
250702053420: HistoryEditPage.php: <td><input type=text name=type7 size=5 value=></td>
250702053420: HistoryEditPage.php: <td><input type=text name=type8 size=5 value=></td>
250702053420: HistoryEditPage.php: <td><input type=text name=type9 size=5 value=></td>
250702053420: HistoryEditPage.php: <td><input type=text name=type1 size=5 value=クラス1></td>
250702053420: HistoryEditPage.php: <td><input type=text name=type2 size=5 value=クラス2></td>
250702053420: HistoryEditPage.php: <td><input type=text name=type3 size=5 value=クラス3></td>
250702053420: HistoryEditPage.php: <td><input type=text name=type4 size=5 value=クラス4></td>
250702053420: HistoryEditPage.php: <td><input type=text name=type5 size=5 value=クラス5></td>
250702053420: HistoryEditPage.php: <td><input type=text name=type6 size=5 value=クラス6></td>
250702053420: HistoryEditPage.php: <td><input type=text name=type7 size=5 value=クラス7></td>
250702053420: HistoryEditPage.php: <td><input type=text name=type8 size=5 value=クラス8></td>
250702053420: HistoryEditPage.php: <td><input type=text name=type9 size=5 value=クラス9></td>
250702053420: HistoryEditPage.php: first_pass
250702053420: HistoryEditPage.php: param:#notic#oshima#クラス1;クラス2;クラス3;クラス4;クラス5;クラス6;クラス7;クラス8;クラス9
250702053420: HistoryEditPage.php: second pass
250702053420: HistoryEditPage.php: types:クラス1;クラス2;クラス3;クラス4;クラス5;クラス6;クラス7;クラス8;クラス9
250702053420: HistoryEditPage.php: <td><input type=text name=type1 size=5 value=クラス1></td>
250702053420: HistoryEditPage.php: <td><input type=text name=type2 size=5 value=クラス2></td>
250702053420: HistoryEditPage.php: <td><input type=text name=type3 size=5 value=クラス3></td>
250702053420: HistoryEditPage.php: <td><input type=text name=type4 size=5 value=クラス4></td>
250702053420: HistoryEditPage.php: <td><input type=text name=type5 size=5 value=クラス5></td>
250702053420: HistoryEditPage.php: <td><input type=text name=type6 size=5 value=クラス6></td>
250702053420: HistoryEditPage.php: <td><input type=text name=type7 size=5 value=クラス7></td>
250702053420: HistoryEditPage.php: <td><input type=text name=type8 size=5 value=クラス8></td>
250702053420: HistoryEditPage.php: <td><input type=text name=type9 size=5 value=クラス9></td>
250702053420: HistoryEditPage.php: <td><input type=text name=type1 size=5 value=クラス1></td>
250702053420: HistoryEditPage.php: <td><input type=text name=type2 size=5 value=クラス2></td>
250702053420: HistoryEditPage.php: <td><input type=text name=type3 size=5 value=クラス3></td>
250702053420: HistoryEditPage.php: <td><input type=text name=type4 size=5 value=クラス4></td>
250702053420: HistoryEditPage.php: <td><input type=text name=type5 size=5 value=クラス5></td>
250702053420: HistoryEditPage.php: <td><input type=text name=type6 size=5 value=クラス6></td>
250702053420: HistoryEditPage.php: <td><input type=text name=type7 size=5 value=クラス7></td>
250702053420: HistoryEditPage.php: <td><input type=text name=type8 size=5 value=クラス8></td>
250702053420: HistoryEditPage.php: <td><input type=text name=type9 size=5 value=クラス9></td>
250702054354: HistoryEditPage.php: second pass
250702054354: HistoryEditPage.php: <td><input type=text name=type1 size=5 value=></td>
250702054354: HistoryEditPage.php: <td><input type=text name=type2 size=5 value=></td>
250702054354: HistoryEditPage.php: <td><input type=text name=type3 size=5 value=></td>
250702054354: HistoryEditPage.php: <td><input type=text name=type4 size=5 value=></td>
250702054354: HistoryEditPage.php: <td><input type=text name=type5 size=5 value=></td>
250702054354: HistoryEditPage.php: <td><input type=text name=type6 size=5 value=></td>
250702054354: HistoryEditPage.php: <td><input type=text name=type7 size=5 value=></td>
250702054354: HistoryEditPage.php: <td><input type=text name=type8 size=5 value=></td>
250702054354: HistoryEditPage.php: <td><input type=text name=type9 size=5 value=></td>
250702054354: HistoryEditPage.php: <td><input type=text name=type1 size=5 value=クラス1></td>
250702054354: HistoryEditPage.php: <td><input type=text name=type2 size=5 value=クラス2></td>
250702054354: HistoryEditPage.php: <td><input type=text name=type3 size=5 value=クラス3></td>
250702054354: HistoryEditPage.php: <td><input type=text name=type4 size=5 value=クラス4></td>
250702054354: HistoryEditPage.php: <td><input type=text name=type5 size=5 value=クラス5></td>
250702054354: HistoryEditPage.php: <td><input type=text name=type6 size=5 value=クラス6></td>
250702054354: HistoryEditPage.php: <td><input type=text name=type7 size=5 value=クラス7></td>
250702054354: HistoryEditPage.php: <td><input type=text name=type8 size=5 value=クラス8></td>
250702054354: HistoryEditPage.php: <td><input type=text name=type9 size=5 value=クラス9></td>
250702054409: HistoryEditPage.php: first_pass
250702054409: HistoryEditPage.php: user:oshima,huser:oshima,pass:,hpass:
250702054409: HistoryEditPage.php: oshima
250702054409: HistoryEditPage.php: oshima
250702054409: HistoryEditPage.php: クラス1;クラス2;クラス3;クラス4;クラス5;クラス6;クラス7;クラス8;クラス9
250702054409: HistoryEditPage.php: second pass
250702054409: HistoryEditPage.php: <td><input type=text name=type1 size=5 value=></td>
250702054409: HistoryEditPage.php: <td><input type=text name=type2 size=5 value=></td>
250702054409: HistoryEditPage.php: <td><input type=text name=type3 size=5 value=></td>
250702054409: HistoryEditPage.php: <td><input type=text name=type4 size=5 value=></td>
250702054409: HistoryEditPage.php: <td><input type=text name=type5 size=5 value=></td>
250702054409: HistoryEditPage.php: <td><input type=text name=type6 size=5 value=></td>
250702054409: HistoryEditPage.php: <td><input type=text name=type7 size=5 value=></td>
250702054409: HistoryEditPage.php: <td><input type=text name=type8 size=5 value=></td>
250702054409: HistoryEditPage.php: <td><input type=text name=type9 size=5 value=></td>
250702054409: HistoryEditPage.php: <td><input type=text name=type1 size=5 value=クラス1></td>
250702054409: HistoryEditPage.php: <td><input type=text name=type2 size=5 value=クラス2></td>
250702054409: HistoryEditPage.php: <td><input type=text name=type3 size=5 value=クラス3></td>
250702054409: HistoryEditPage.php: <td><input type=text name=type4 size=5 value=クラス4></td>
250702054409: HistoryEditPage.php: <td><input type=text name=type5 size=5 value=クラス5></td>
250702054409: HistoryEditPage.php: <td><input type=text name=type6 size=5 value=クラス6></td>
250702054409: HistoryEditPage.php: <td><input type=text name=type7 size=5 value=クラス7></td>
250702054409: HistoryEditPage.php: <td><input type=text name=type8 size=5 value=クラス8></td>
250702054409: HistoryEditPage.php: <td><input type=text name=type9 size=5 value=クラス9></td>
250702054925: HistoryEditPage.php: second pass
250702054925: HistoryEditPage.php: <td><input type=text name=type1 size=5 value=></td>
250702054925: HistoryEditPage.php: <td><input type=text name=type2 size=5 value=></td>
250702054925: HistoryEditPage.php: <td><input type=text name=type3 size=5 value=></td>
250702054925: HistoryEditPage.php: <td><input type=text name=type4 size=5 value=></td>
250702054925: HistoryEditPage.php: <td><input type=text name=type5 size=5 value=></td>
250702054925: HistoryEditPage.php: <td><input type=text name=type6 size=5 value=></td>
250702054925: HistoryEditPage.php: <td><input type=text name=type7 size=5 value=></td>
250702054925: HistoryEditPage.php: <td><input type=text name=type8 size=5 value=></td>
250702054925: HistoryEditPage.php: <td><input type=text name=type9 size=5 value=></td>
250702054925: HistoryEditPage.php: <td><input type=text name=type1 size=5 value=クラス1></td>
250702054925: HistoryEditPage.php: <td><input type=text name=type2 size=5 value=クラス2></td>
250702054925: HistoryEditPage.php: <td><input type=text name=type3 size=5 value=クラス3></td>
250702054925: HistoryEditPage.php: <td><input type=text name=type4 size=5 value=クラス4></td>
250702054925: HistoryEditPage.php: <td><input type=text name=type5 size=5 value=クラス5></td>
250702054925: HistoryEditPage.php: <td><input type=text name=type6 size=5 value=クラス6></td>
250702054925: HistoryEditPage.php: <td><input type=text name=type7 size=5 value=クラス7></td>
250702054925: HistoryEditPage.php: <td><input type=text name=type8 size=5 value=クラス8></td>
250702054925: HistoryEditPage.php: <td><input type=text name=type9 size=5 value=クラス9></td>
250702054933: HistoryEditPage.php: first_pass
250702054933: HistoryEditPage.php: user:oshima,huser:oshima,pass:oshima,hpass:amihsho
250702054933: HistoryEditPage.php: oshima
250702054933: HistoryEditPage.php: oshima
250702054933: HistoryEditPage.php: クラス1;クラス2;クラス3;クラス4;クラス5;クラス6;クラス7;クラス8;クラス9
250702054933: HistoryEditPage.php: second pass
250702054933: HistoryEditPage.php: <td><input type=text name=type1 size=5 value=></td>
250702054933: HistoryEditPage.php: <td><input type=text name=type2 size=5 value=></td>
250702054933: HistoryEditPage.php: <td><input type=text name=type3 size=5 value=></td>
250702054933: HistoryEditPage.php: <td><input type=text name=type4 size=5 value=></td>
250702054933: HistoryEditPage.php: <td><input type=text name=type5 size=5 value=></td>
250702054933: HistoryEditPage.php: <td><input type=text name=type6 size=5 value=></td>
250702054933: HistoryEditPage.php: <td><input type=text name=type7 size=5 value=></td>
250702054933: HistoryEditPage.php: <td><input type=text name=type8 size=5 value=></td>
250702054933: HistoryEditPage.php: <td><input type=text name=type9 size=5 value=></td>
250702054933: HistoryEditPage.php: <td><input type=text name=type1 size=5 value=クラス1></td>
250702054933: HistoryEditPage.php: <td><input type=text name=type2 size=5 value=クラス2></td>
250702054933: HistoryEditPage.php: <td><input type=text name=type3 size=5 value=クラス3></td>
250702054933: HistoryEditPage.php: <td><input type=text name=type4 size=5 value=クラス4></td>
250702054933: HistoryEditPage.php: <td><input type=text name=type5 size=5 value=クラス5></td>
250702054933: HistoryEditPage.php: <td><input type=text name=type6 size=5 value=クラス6></td>
250702054933: HistoryEditPage.php: <td><input type=text name=type7 size=5 value=クラス7></td>
250702054933: HistoryEditPage.php: <td><input type=text name=type8 size=5 value=クラス8></td>
250702054933: HistoryEditPage.php: <td><input type=text name=type9 size=5 value=クラス9></td>
250702055539: HistoryEditPage.php: second pass
250702055539: HistoryEditPage.php: <td><input type=text name=type1 size=5 value=></td>
250702055539: HistoryEditPage.php: <td><input type=text name=type2 size=5 value=></td>
250702055539: HistoryEditPage.php: <td><input type=text name=type3 size=5 value=></td>
250702055539: HistoryEditPage.php: <td><input type=text name=type4 size=5 value=></td>
250702055539: HistoryEditPage.php: <td><input type=text name=type5 size=5 value=></td>
250702055539: HistoryEditPage.php: <td><input type=text name=type6 size=5 value=></td>
250702055539: HistoryEditPage.php: <td><input type=text name=type7 size=5 value=></td>
250702055539: HistoryEditPage.php: <td><input type=text name=type8 size=5 value=></td>
250702055539: HistoryEditPage.php: <td><input type=text name=type9 size=5 value=></td>
250702055539: HistoryEditPage.php: <td><input type=text name=type1 size=5 value=クラス1></td>
250702055539: HistoryEditPage.php: <td><input type=text name=type2 size=5 value=クラス2></td>
250702055539: HistoryEditPage.php: <td><input type=text name=type3 size=5 value=クラス3></td>
250702055539: HistoryEditPage.php: <td><input type=text name=type4 size=5 value=クラス4></td>
250702055539: HistoryEditPage.php: <td><input type=text name=type5 size=5 value=クラス5></td>
250702055539: HistoryEditPage.php: <td><input type=text name=type6 size=5 value=クラス6></td>
250702055539: HistoryEditPage.php: <td><input type=text name=type7 size=5 value=クラス7></td>
250702055539: HistoryEditPage.php: <td><input type=text name=type8 size=5 value=クラス8></td>
250702055539: HistoryEditPage.php: <td><input type=text name=type9 size=5 value=クラス9></td>
250702055555: HistoryEditPage.php: first_pass
250702055555: HistoryEditPage.php: user:oshima,huser:oshima,pass:oshima,hpass:amihsho
250702055555: HistoryEditPage.php: first_pass
250702055555: HistoryEditPage.php: param:#notic#oshima#ユーザーまたはパスワードが違います
250702055555: HistoryEditPage.php: second pass
250702055555: HistoryEditPage.php: <td><input type=text name=type1 size=5 value=></td>
250702055555: HistoryEditPage.php: <td><input type=text name=type2 size=5 value=></td>
250702055555: HistoryEditPage.php: <td><input type=text name=type3 size=5 value=></td>
250702055555: HistoryEditPage.php: <td><input type=text name=type4 size=5 value=></td>
250702055555: HistoryEditPage.php: <td><input type=text name=type5 size=5 value=></td>
250702055555: HistoryEditPage.php: <td><input type=text name=type6 size=5 value=></td>
250702055555: HistoryEditPage.php: <td><input type=text name=type7 size=5 value=></td>
250702055555: HistoryEditPage.php: <td><input type=text name=type8 size=5 value=></td>
250702055555: HistoryEditPage.php: <td><input type=text name=type9 size=5 value=></td>
250702055555: HistoryEditPage.php: <td><input type=text name=type1 size=5 value=クラス1></td>
250702055555: HistoryEditPage.php: <td><input type=text name=type2 size=5 value=クラス2></td>
250702055555: HistoryEditPage.php: <td><input type=text name=type3 size=5 value=クラス3></td>
250702055555: HistoryEditPage.php: <td><input type=text name=type4 size=5 value=クラス4></td>
250702055555: HistoryEditPage.php: <td><input type=text name=type5 size=5 value=クラス5></td>
250702055555: HistoryEditPage.php: <td><input type=text name=type6 size=5 value=クラス6></td>
250702055555: HistoryEditPage.php: <td><input type=text name=type7 size=5 value=クラス7></td>
250702055555: HistoryEditPage.php: <td><input type=text name=type8 size=5 value=クラス8></td>
250702055555: HistoryEditPage.php: <td><input type=text name=type9 size=5 value=クラス9></td>
250702094627: HistoryEditPage.php: first_pass
250702094627: HistoryEditPage.php: param:#notic#oshima#ユーザーまたはパスワードが違います
250702094627: HistoryEditPage.php: second pass
250702094627: HistoryEditPage.php: <td><input type=text name=type1 size=5 value=></td>
250702094627: HistoryEditPage.php: <td><input type=text name=type2 size=5 value=></td>
250702094627: HistoryEditPage.php: <td><input type=text name=type3 size=5 value=></td>
250702094627: HistoryEditPage.php: <td><input type=text name=type4 size=5 value=></td>
250702094627: HistoryEditPage.php: <td><input type=text name=type5 size=5 value=></td>
250702094627: HistoryEditPage.php: <td><input type=text name=type6 size=5 value=></td>
250702094627: HistoryEditPage.php: <td><input type=text name=type7 size=5 value=></td>
250702094627: HistoryEditPage.php: <td><input type=text name=type8 size=5 value=></td>
250702094627: HistoryEditPage.php: <td><input type=text name=type9 size=5 value=></td>
250702094627: HistoryEditPage.php: <td><input type=text name=type1 size=5 value=クラス1></td>
250702094627: HistoryEditPage.php: <td><input type=text name=type2 size=5 value=クラス2></td>
250702094627: HistoryEditPage.php: <td><input type=text name=type3 size=5 value=クラス3></td>
250702094627: HistoryEditPage.php: <td><input type=text name=type4 size=5 value=クラス4></td>
250702094627: HistoryEditPage.php: <td><input type=text name=type5 size=5 value=クラス5></td>
250702094627: HistoryEditPage.php: <td><input type=text name=type6 size=5 value=クラス6></td>
250702094627: HistoryEditPage.php: <td><input type=text name=type7 size=5 value=クラス7></td>
250702094627: HistoryEditPage.php: <td><input type=text name=type8 size=5 value=クラス8></td>
250702094627: HistoryEditPage.php: <td><input type=text name=type9 size=5 value=クラス9></td>
250702094639: HistoryEditPage.php: first_pass
250702094639: HistoryEditPage.php: first_pass
250702094639: HistoryEditPage.php: param:#notic#oshima#クラス1;クラス2;クラス3;クラス4;クラス5;クラス6;クラス7;クラス8;クラス9
250702094639: HistoryEditPage.php: second pass
250702094639: HistoryEditPage.php: types:クラス1;クラス2;クラス3;クラス4;クラス5;クラス6;クラス7;クラス8;クラス9
250702094639: HistoryEditPage.php: <td><input type=text name=type1 size=5 value=クラス1></td>
250702094639: HistoryEditPage.php: <td><input type=text name=type2 size=5 value=クラス2></td>
250702094639: HistoryEditPage.php: <td><input type=text name=type3 size=5 value=クラス3></td>
250702094639: HistoryEditPage.php: <td><input type=text name=type4 size=5 value=クラス4></td>
250702094639: HistoryEditPage.php: <td><input type=text name=type5 size=5 value=クラス5></td>
250702094639: HistoryEditPage.php: <td><input type=text name=type6 size=5 value=クラス6></td>
250702094639: HistoryEditPage.php: <td><input type=text name=type7 size=5 value=クラス7></td>
250702094639: HistoryEditPage.php: <td><input type=text name=type8 size=5 value=クラス8></td>
250702094639: HistoryEditPage.php: <td><input type=text name=type9 size=5 value=クラス9></td>
250702094639: HistoryEditPage.php: <td><input type=text name=type1 size=5 value=クラス1></td>
250702094639: HistoryEditPage.php: <td><input type=text name=type2 size=5 value=クラス2></td>
250702094639: HistoryEditPage.php: <td><input type=text name=type3 size=5 value=クラス3></td>
250702094639: HistoryEditPage.php: <td><input type=text name=type4 size=5 value=クラス4></td>
250702094639: HistoryEditPage.php: <td><input type=text name=type5 size=5 value=クラス5></td>
250702094639: HistoryEditPage.php: <td><input type=text name=type6 size=5 value=クラス6></td>
250702094639: HistoryEditPage.php: <td><input type=text name=type7 size=5 value=クラス7></td>
250702094639: HistoryEditPage.php: <td><input type=text name=type8 size=5 value=クラス8></td>
250702094639: HistoryEditPage.php: <td><input type=text name=type9 size=5 value=クラス9></td>
250702094733: HistoryEditPage.php: first_pass
250702095015: HistoryEditPage.php: first_pass
250702095015: HistoryEditPage.php: param:#notic#oshima#クラス1;クラス2;クラス3;クラス4;クラス5;クラス6;クラス7;クラス8;クラス9
250702095015: HistoryEditPage.php: second pass
250702095015: HistoryEditPage.php: types:クラス1;クラス2;クラス3;クラス4;クラス5;クラス6;クラス7;クラス8;クラス9
250702095015: HistoryEditPage.php: <td><input type=text name=type1 size=5 value=クラス1></td>
250702095015: HistoryEditPage.php: <td><input type=text name=type2 size=5 value=クラス2></td>
250702095015: HistoryEditPage.php: <td><input type=text name=type3 size=5 value=クラス3></td>
250702095015: HistoryEditPage.php: <td><input type=text name=type4 size=5 value=クラス4></td>
250702095015: HistoryEditPage.php: <td><input type=text name=type5 size=5 value=クラス5></td>
250702095015: HistoryEditPage.php: <td><input type=text name=type6 size=5 value=クラス6></td>
250702095015: HistoryEditPage.php: <td><input type=text name=type7 size=5 value=クラス7></td>
250702095015: HistoryEditPage.php: <td><input type=text name=type8 size=5 value=クラス8></td>
250702095015: HistoryEditPage.php: <td><input type=text name=type9 size=5 value=クラス9></td>
250702095015: HistoryEditPage.php: <td><input type=text name=type1 size=5 value=クラス1></td>
250702095015: HistoryEditPage.php: <td><input type=text name=type2 size=5 value=クラス2></td>
250702095015: HistoryEditPage.php: <td><input type=text name=type3 size=5 value=クラス3></td>
250702095015: HistoryEditPage.php: <td><input type=text name=type4 size=5 value=クラス4></td>
250702095015: HistoryEditPage.php: <td><input type=text name=type5 size=5 value=クラス5></td>
250702095015: HistoryEditPage.php: <td><input type=text name=type6 size=5 value=クラス6></td>
250702095015: HistoryEditPage.php: <td><input type=text name=type7 size=5 value=クラス7></td>
250702095015: HistoryEditPage.php: <td><input type=text name=type8 size=5 value=クラス8></td>
250702095015: HistoryEditPage.php: <td><input type=text name=type9 size=5 value=クラス9></td>
250702095040: HistoryEditPage.php: first_pass
250702095040: HistoryEditPage.php: first_pass
250702095040: HistoryEditPage.php: param:#notic#oshima#クラス1;クラス2;クラス3;クラス4;クラス5;クラス6;クラス7;クラス8;クラス9
250702095040: HistoryEditPage.php: second pass
250702095040: HistoryEditPage.php: types:クラス1;クラス2;クラス3;クラス4;クラス5;クラス6;クラス7;クラス8;クラス9
250702095040: HistoryEditPage.php: <td><input type=text name=type1 size=5 value=クラス1></td>
250702095040: HistoryEditPage.php: <td><input type=text name=type2 size=5 value=クラス2></td>
250702095040: HistoryEditPage.php: <td><input type=text name=type3 size=5 value=クラス3></td>
250702095040: HistoryEditPage.php: <td><input type=text name=type4 size=5 value=クラス4></td>
250702095040: HistoryEditPage.php: <td><input type=text name=type5 size=5 value=クラス5></td>
250702095040: HistoryEditPage.php: <td><input type=text name=type6 size=5 value=クラス6></td>
250702095040: HistoryEditPage.php: <td><input type=text name=type7 size=5 value=クラス7></td>
250702095040: HistoryEditPage.php: <td><input type=text name=type8 size=5 value=クラス8></td>
250702095040: HistoryEditPage.php: <td><input type=text name=type9 size=5 value=クラス9></td>
250702095040: HistoryEditPage.php: <td><input type=text name=type1 size=5 value=クラス1></td>
250702095040: HistoryEditPage.php: <td><input type=text name=type2 size=5 value=クラス2></td>
250702095040: HistoryEditPage.php: <td><input type=text name=type3 size=5 value=クラス3></td>
250702095040: HistoryEditPage.php: <td><input type=text name=type4 size=5 value=クラス4></td>
250702095040: HistoryEditPage.php: <td><input type=text name=type5 size=5 value=クラス5></td>
250702095040: HistoryEditPage.php: <td><input type=text name=type6 size=5 value=クラス6></td>
250702095040: HistoryEditPage.php: <td><input type=text name=type7 size=5 value=クラス7></td>
250702095040: HistoryEditPage.php: <td><input type=text name=type8 size=5 value=クラス8></td>
250702095040: HistoryEditPage.php: <td><input type=text name=type9 size=5 value=クラス9></td>
250702095133: HistoryEditPage.php: first_pass
250702095133: HistoryEditPage.php: update histtb set password=, types=予定;クラス2;実行;クラス4;保存;クラス6;クラス7;クラス8;クラス9
250702095317: HistoryEditPage.php: first_pass
250702095317: HistoryEditPage.php: param:#notic#oshima#クラス1;クラス2;クラス3;クラス4;クラス5;クラス6;クラス7;クラス8;クラス9
250702095317: HistoryEditPage.php: second pass
250702095317: HistoryEditPage.php: types:クラス1;クラス2;クラス3;クラス4;クラス5;クラス6;クラス7;クラス8;クラス9
250702095317: HistoryEditPage.php: <td><input type=text name=type1 size=5 value=クラス1></td>
250702095317: HistoryEditPage.php: <td><input type=text name=type2 size=5 value=クラス2></td>
250702095317: HistoryEditPage.php: <td><input type=text name=type3 size=5 value=クラス3></td>
250702095317: HistoryEditPage.php: <td><input type=text name=type4 size=5 value=クラス4></td>
250702095317: HistoryEditPage.php: <td><input type=text name=type5 size=5 value=クラス5></td>
250702095317: HistoryEditPage.php: <td><input type=text name=type6 size=5 value=クラス6></td>
250702095317: HistoryEditPage.php: <td><input type=text name=type7 size=5 value=クラス7></td>
250702095317: HistoryEditPage.php: <td><input type=text name=type8 size=5 value=クラス8></td>
250702095317: HistoryEditPage.php: <td><input type=text name=type9 size=5 value=クラス9></td>
250702095317: HistoryEditPage.php: <td><input type=text name=type1 size=5 value=クラス1></td>
250702095317: HistoryEditPage.php: <td><input type=text name=type2 size=5 value=クラス2></td>
250702095317: HistoryEditPage.php: <td><input type=text name=type3 size=5 value=クラス3></td>
250702095317: HistoryEditPage.php: <td><input type=text name=type4 size=5 value=クラス4></td>
250702095317: HistoryEditPage.php: <td><input type=text name=type5 size=5 value=クラス5></td>
250702095317: HistoryEditPage.php: <td><input type=text name=type6 size=5 value=クラス6></td>
250702095317: HistoryEditPage.php: <td><input type=text name=type7 size=5 value=クラス7></td>
250702095317: HistoryEditPage.php: <td><input type=text name=type8 size=5 value=クラス8></td>
250702095317: HistoryEditPage.php: <td><input type=text name=type9 size=5 value=クラス9></td>
250702095325: HistoryEditPage.php: first_pass
250702095325: HistoryEditPage.php: first_pass
250702095325: HistoryEditPage.php: param:#notic#oshima#クラス1;クラス2;クラス3;クラス4;クラス5;クラス6;クラス7;クラス8;クラス9
250702095325: HistoryEditPage.php: second pass
250702095325: HistoryEditPage.php: types:クラス1;クラス2;クラス3;クラス4;クラス5;クラス6;クラス7;クラス8;クラス9
250702095325: HistoryEditPage.php: <td><input type=text name=type1 size=5 value=クラス1></td>
250702095325: HistoryEditPage.php: <td><input type=text name=type2 size=5 value=クラス2></td>
250702095325: HistoryEditPage.php: <td><input type=text name=type3 size=5 value=クラス3></td>
250702095325: HistoryEditPage.php: <td><input type=text name=type4 size=5 value=クラス4></td>
250702095325: HistoryEditPage.php: <td><input type=text name=type5 size=5 value=クラス5></td>
250702095325: HistoryEditPage.php: <td><input type=text name=type6 size=5 value=クラス6></td>
250702095325: HistoryEditPage.php: <td><input type=text name=type7 size=5 value=クラス7></td>
250702095325: HistoryEditPage.php: <td><input type=text name=type8 size=5 value=クラス8></td>
250702095325: HistoryEditPage.php: <td><input type=text name=type9 size=5 value=クラス9></td>
250702095325: HistoryEditPage.php: <td><input type=text name=type1 size=5 value=クラス1></td>
250702095325: HistoryEditPage.php: <td><input type=text name=type2 size=5 value=クラス2></td>
250702095325: HistoryEditPage.php: <td><input type=text name=type3 size=5 value=クラス3></td>
250702095325: HistoryEditPage.php: <td><input type=text name=type4 size=5 value=クラス4></td>
250702095325: HistoryEditPage.php: <td><input type=text name=type5 size=5 value=クラス5></td>
250702095325: HistoryEditPage.php: <td><input type=text name=type6 size=5 value=クラス6></td>
250702095325: HistoryEditPage.php: <td><input type=text name=type7 size=5 value=クラス7></td>
250702095325: HistoryEditPage.php: <td><input type=text name=type8 size=5 value=クラス8></td>
250702095325: HistoryEditPage.php: <td><input type=text name=type9 size=5 value=クラス9></td>
250702095351: HistoryEditPage.php: first_pass
250702095351: HistoryEditPage.php: update histtb set password='', types='クラス1;クラス2;クラス3;クラス4;クラス5;クラス6;クラス7;クラス8;クラス9'
250702100607: HistoryEditPage.php: first_pass
250702100607: HistoryEditPage.php: param:#notic#oshima#クラス1;クラス2;クラス3;クラス4;クラス5;クラス6;クラス7;クラス8;クラス9
250702100607: HistoryEditPage.php: second pass
250702100607: HistoryEditPage.php: types:クラス1;クラス2;クラス3;クラス4;クラス5;クラス6;クラス7;クラス8;クラス9
250702100607: HistoryEditPage.php: <td><input type=text name=type1 size=5 value=クラス1></td>
250702100607: HistoryEditPage.php: <td><input type=text name=type2 size=5 value=クラス2></td>
250702100607: HistoryEditPage.php: <td><input type=text name=type3 size=5 value=クラス3></td>
250702100607: HistoryEditPage.php: <td><input type=text name=type4 size=5 value=クラス4></td>
250702100607: HistoryEditPage.php: <td><input type=text name=type5 size=5 value=クラス5></td>
250702100607: HistoryEditPage.php: <td><input type=text name=type6 size=5 value=クラス6></td>
250702100607: HistoryEditPage.php: <td><input type=text name=type7 size=5 value=クラス7></td>
250702100607: HistoryEditPage.php: <td><input type=text name=type8 size=5 value=クラス8></td>
250702100607: HistoryEditPage.php: <td><input type=text name=type9 size=5 value=クラス9></td>
250702100607: HistoryEditPage.php: <td><input type=text name=type1 size=5 value=クラス1></td>
250702100607: HistoryEditPage.php: <td><input type=text name=type2 size=5 value=クラス2></td>
250702100607: HistoryEditPage.php: <td><input type=text name=type3 size=5 value=クラス3></td>
250702100607: HistoryEditPage.php: <td><input type=text name=type4 size=5 value=クラス4></td>
250702100607: HistoryEditPage.php: <td><input type=text name=type5 size=5 value=クラス5></td>
250702100607: HistoryEditPage.php: <td><input type=text name=type6 size=5 value=クラス6></td>
250702100607: HistoryEditPage.php: <td><input type=text name=type7 size=5 value=クラス7></td>
250702100607: HistoryEditPage.php: <td><input type=text name=type8 size=5 value=クラス8></td>
250702100607: HistoryEditPage.php: <td><input type=text name=type9 size=5 value=クラス9></td>
250702100615: HistoryEditPage.php: first_pass
250702100615: HistoryEditPage.php: first_pass
250702100615: HistoryEditPage.php: param:#notic#oshima#クラス1;クラス2;クラス3;クラス4;クラス5;クラス6;クラス7;クラス8;クラス9
250702100615: HistoryEditPage.php: second pass
250702100615: HistoryEditPage.php: types:クラス1;クラス2;クラス3;クラス4;クラス5;クラス6;クラス7;クラス8;クラス9
250702100615: HistoryEditPage.php: <td><input type=text name=type1 size=5 value=クラス1></td>
250702100615: HistoryEditPage.php: <td><input type=text name=type2 size=5 value=クラス2></td>
250702100615: HistoryEditPage.php: <td><input type=text name=type3 size=5 value=クラス3></td>
250702100615: HistoryEditPage.php: <td><input type=text name=type4 size=5 value=クラス4></td>
250702100615: HistoryEditPage.php: <td><input type=text name=type5 size=5 value=クラス5></td>
250702100615: HistoryEditPage.php: <td><input type=text name=type6 size=5 value=クラス6></td>
250702100615: HistoryEditPage.php: <td><input type=text name=type7 size=5 value=クラス7></td>
250702100615: HistoryEditPage.php: <td><input type=text name=type8 size=5 value=クラス8></td>
250702100615: HistoryEditPage.php: <td><input type=text name=type9 size=5 value=クラス9></td>
250702100615: HistoryEditPage.php: <td><input type=text name=type1 size=5 value=クラス1></td>
250702100615: HistoryEditPage.php: <td><input type=text name=type2 size=5 value=クラス2></td>
250702100615: HistoryEditPage.php: <td><input type=text name=type3 size=5 value=クラス3></td>
250702100615: HistoryEditPage.php: <td><input type=text name=type4 size=5 value=クラス4></td>
250702100615: HistoryEditPage.php: <td><input type=text name=type5 size=5 value=クラス5></td>
250702100615: HistoryEditPage.php: <td><input type=text name=type6 size=5 value=クラス6></td>
250702100615: HistoryEditPage.php: <td><input type=text name=type7 size=5 value=クラス7></td>
250702100615: HistoryEditPage.php: <td><input type=text name=type8 size=5 value=クラス8></td>
250702100615: HistoryEditPage.php: <td><input type=text name=type9 size=5 value=クラス9></td>
250702100633: HistoryEditPage.php: first_pass
250702100633: HistoryEditPage.php: update histtb set password='', types='クラス1;クラス2;クラス3;クラス4;クラス5;クラス6;クラス7;クラス8;クラス9'
250702100837: HistoryEditPage.php: first_pass
250702100837: HistoryEditPage.php: param:#notic#oshima#クラス1;クラス2;クラス3;クラス4;クラス5;クラス6;クラス7;クラス8;クラス9
250702100837: HistoryEditPage.php: second pass
250702100837: HistoryEditPage.php: types:クラス1;クラス2;クラス3;クラス4;クラス5;クラス6;クラス7;クラス8;クラス9
250702100837: HistoryEditPage.php: <td><input type=text name=type1 size=5 value=クラス1></td>
250702100837: HistoryEditPage.php: <td><input type=text name=type2 size=5 value=クラス2></td>
250702100837: HistoryEditPage.php: <td><input type=text name=type3 size=5 value=クラス3></td>
250702100837: HistoryEditPage.php: <td><input type=text name=type4 size=5 value=クラス4></td>
250702100837: HistoryEditPage.php: <td><input type=text name=type5 size=5 value=クラス5></td>
250702100837: HistoryEditPage.php: <td><input type=text name=type6 size=5 value=クラス6></td>
250702100837: HistoryEditPage.php: <td><input type=text name=type7 size=5 value=クラス7></td>
250702100837: HistoryEditPage.php: <td><input type=text name=type8 size=5 value=クラス8></td>
250702100837: HistoryEditPage.php: <td><input type=text name=type9 size=5 value=クラス9></td>
250702100837: HistoryEditPage.php: <td><input type=text name=type1 size=5 value=クラス1></td>
250702100837: HistoryEditPage.php: <td><input type=text name=type2 size=5 value=クラス2></td>
250702100837: HistoryEditPage.php: <td><input type=text name=type3 size=5 value=クラス3></td>
250702100837: HistoryEditPage.php: <td><input type=text name=type4 size=5 value=クラス4></td>
250702100837: HistoryEditPage.php: <td><input type=text name=type5 size=5 value=クラス5></td>
250702100837: HistoryEditPage.php: <td><input type=text name=type6 size=5 value=クラス6></td>
250702100837: HistoryEditPage.php: <td><input type=text name=type7 size=5 value=クラス7></td>
250702100837: HistoryEditPage.php: <td><input type=text name=type8 size=5 value=クラス8></td>
250702100837: HistoryEditPage.php: <td><input type=text name=type9 size=5 value=クラス9></td>
250702100843: HistoryEditPage.php: first_pass
250702100843: HistoryEditPage.php: first_pass
250702100843: HistoryEditPage.php: param:#notic#oshima#ユーザーまたはパスワードが違います
250702100843: HistoryEditPage.php: second pass
250702100843: HistoryEditPage.php: <td><input type=text name=type1 size=5 value=></td>
250702100843: HistoryEditPage.php: <td><input type=text name=type2 size=5 value=></td>
250702100843: HistoryEditPage.php: <td><input type=text name=type3 size=5 value=></td>
250702100843: HistoryEditPage.php: <td><input type=text name=type4 size=5 value=></td>
250702100843: HistoryEditPage.php: <td><input type=text name=type5 size=5 value=></td>
250702100843: HistoryEditPage.php: <td><input type=text name=type6 size=5 value=></td>
250702100843: HistoryEditPage.php: <td><input type=text name=type7 size=5 value=></td>
250702100843: HistoryEditPage.php: <td><input type=text name=type8 size=5 value=></td>
250702100843: HistoryEditPage.php: <td><input type=text name=type9 size=5 value=></td>
250702100843: HistoryEditPage.php: <td><input type=text name=type1 size=5 value=クラス1></td>
250702100843: HistoryEditPage.php: <td><input type=text name=type2 size=5 value=クラス2></td>
250702100843: HistoryEditPage.php: <td><input type=text name=type3 size=5 value=クラス3></td>
250702100843: HistoryEditPage.php: <td><input type=text name=type4 size=5 value=クラス4></td>
250702100843: HistoryEditPage.php: <td><input type=text name=type5 size=5 value=クラス5></td>
250702100843: HistoryEditPage.php: <td><input type=text name=type6 size=5 value=クラス6></td>
250702100843: HistoryEditPage.php: <td><input type=text name=type7 size=5 value=クラス7></td>
250702100843: HistoryEditPage.php: <td><input type=text name=type8 size=5 value=クラス8></td>
250702100843: HistoryEditPage.php: <td><input type=text name=type9 size=5 value=クラス9></td>
250702100857: HistoryEditPage.php: first_pass
250702100857: HistoryEditPage.php: first_pass
250702100857: HistoryEditPage.php: param:#notic#oshima#クラス1;クラス2;クラス3;クラス4;クラス5;クラス6;クラス7;クラス8;クラス9
250702100857: HistoryEditPage.php: second pass
250702100857: HistoryEditPage.php: types:クラス1;クラス2;クラス3;クラス4;クラス5;クラス6;クラス7;クラス8;クラス9
250702100857: HistoryEditPage.php: <td><input type=text name=type1 size=5 value=クラス1></td>
250702100857: HistoryEditPage.php: <td><input type=text name=type2 size=5 value=クラス2></td>
250702100857: HistoryEditPage.php: <td><input type=text name=type3 size=5 value=クラス3></td>
250702100857: HistoryEditPage.php: <td><input type=text name=type4 size=5 value=クラス4></td>
250702100857: HistoryEditPage.php: <td><input type=text name=type5 size=5 value=クラス5></td>
250702100857: HistoryEditPage.php: <td><input type=text name=type6 size=5 value=クラス6></td>
250702100857: HistoryEditPage.php: <td><input type=text name=type7 size=5 value=クラス7></td>
250702100857: HistoryEditPage.php: <td><input type=text name=type8 size=5 value=クラス8></td>
250702100857: HistoryEditPage.php: <td><input type=text name=type9 size=5 value=クラス9></td>
250702100857: HistoryEditPage.php: <td><input type=text name=type1 size=5 value=クラス1></td>
250702100857: HistoryEditPage.php: <td><input type=text name=type2 size=5 value=クラス2></td>
250702100857: HistoryEditPage.php: <td><input type=text name=type3 size=5 value=クラス3></td>
250702100857: HistoryEditPage.php: <td><input type=text name=type4 size=5 value=クラス4></td>
250702100857: HistoryEditPage.php: <td><input type=text name=type5 size=5 value=クラス5></td>
250702100857: HistoryEditPage.php: <td><input type=text name=type6 size=5 value=クラス6></td>
250702100857: HistoryEditPage.php: <td><input type=text name=type7 size=5 value=クラス7></td>
250702100857: HistoryEditPage.php: <td><input type=text name=type8 size=5 value=クラス8></td>
250702100857: HistoryEditPage.php: <td><input type=text name=type9 size=5 value=クラス9></td>
250702100915: HistoryEditPage.php: first_pass
250702100915: HistoryEditPage.php: update user=
250702100915: HistoryEditPage.php: update histtb set password='', types='クラス1;クラス2;クラス3;クラス4;クラス5;クラス6;クラス7;クラス8;クラス9'
250702112444: HistoryEditPage.php: first_pass
250702112444: HistoryEditPage.php: edit user=
250702112444: HistoryEditPage.php: update histtb set password='', types=';;;;;;;;'
250702112447: HistoryEditPage.php: first_pass
250702112447: HistoryEditPage.php: edit user=
250702112447: HistoryEditPage.php: update histtb set password='', types=';;;;;;;;'
250702112450: HistoryEditPage.php: first_pass
250702112450: HistoryEditPage.php: param:#notic#oshima#クラス1;クラス2;クラス3;クラス4;クラス5;クラス6;クラス7;クラス8;クラス9
250702112450: HistoryEditPage.php: second pass
250702112450: HistoryEditPage.php: types:クラス1;クラス2;クラス3;クラス4;クラス5;クラス6;クラス7;クラス8;クラス9
250702112450: HistoryEditPage.php: <td><input type=text name=etype1 size=5 value=クラス1></td>
250702112450: HistoryEditPage.php: <td><input type=text name=etype2 size=5 value=クラス2></td>
250702112450: HistoryEditPage.php: <td><input type=text name=etype3 size=5 value=クラス3></td>
250702112450: HistoryEditPage.php: <td><input type=text name=etype4 size=5 value=クラス4></td>
250702112450: HistoryEditPage.php: <td><input type=text name=etype5 size=5 value=クラス5></td>
250702112450: HistoryEditPage.php: <td><input type=text name=etype6 size=5 value=クラス6></td>
250702112450: HistoryEditPage.php: <td><input type=text name=etype7 size=5 value=クラス7></td>
250702112450: HistoryEditPage.php: <td><input type=text name=etype8 size=5 value=クラス8></td>
250702112450: HistoryEditPage.php: <td><input type=text name=etype9 size=5 value=クラス9></td>
250702112458: HistoryEditPage.php: first_pass
250702112458: HistoryEditPage.php: first_pass
250702112458: HistoryEditPage.php: param:#notic#oshima#クラス1;クラス2;クラス3;クラス4;クラス5;クラス6;クラス7;クラス8;クラス9
250702112458: HistoryEditPage.php: second pass
250702112458: HistoryEditPage.php: types:クラス1;クラス2;クラス3;クラス4;クラス5;クラス6;クラス7;クラス8;クラス9
250702112458: HistoryEditPage.php: <td><input type=text name=etype1 size=5 value=クラス1></td>
250702112458: HistoryEditPage.php: <td><input type=text name=etype2 size=5 value=クラス2></td>
250702112458: HistoryEditPage.php: <td><input type=text name=etype3 size=5 value=クラス3></td>
250702112458: HistoryEditPage.php: <td><input type=text name=etype4 size=5 value=クラス4></td>
250702112458: HistoryEditPage.php: <td><input type=text name=etype5 size=5 value=クラス5></td>
250702112458: HistoryEditPage.php: <td><input type=text name=etype6 size=5 value=クラス6></td>
250702112458: HistoryEditPage.php: <td><input type=text name=etype7 size=5 value=クラス7></td>
250702112458: HistoryEditPage.php: <td><input type=text name=etype8 size=5 value=クラス8></td>
250702112458: HistoryEditPage.php: <td><input type=text name=etype9 size=5 value=クラス9></td>
250702112518: HistoryEditPage.php: first_pass
250702112518: HistoryEditPage.php: edit user=
250702112518: HistoryEditPage.php: update histtboshima set password='', types='計画;クラス2;クラス3;クラス4;クラス5;クラス6;クラス7;クラス8;保存'
250702112726: HistoryEditPage.php: first_pass
250702112726: HistoryEditPage.php: param:#notic#oshima#クラス1;クラス2;クラス3;クラス4;クラス5;クラス6;クラス7;クラス8;クラス9
250702112726: HistoryEditPage.php: second pass
250702112726: HistoryEditPage.php: types:クラス1;クラス2;クラス3;クラス4;クラス5;クラス6;クラス7;クラス8;クラス9
250702112726: HistoryEditPage.php: <td><input type=text name=etype1 size=5 value=クラス1></td>
250702112726: HistoryEditPage.php: <td><input type=text name=etype2 size=5 value=クラス2></td>
250702112726: HistoryEditPage.php: <td><input type=text name=etype3 size=5 value=クラス3></td>
250702112726: HistoryEditPage.php: <td><input type=text name=etype4 size=5 value=クラス4></td>
250702112726: HistoryEditPage.php: <td><input type=text name=etype5 size=5 value=クラス5></td>
250702112726: HistoryEditPage.php: <td><input type=text name=etype6 size=5 value=クラス6></td>
250702112726: HistoryEditPage.php: <td><input type=text name=etype7 size=5 value=クラス7></td>
250702112726: HistoryEditPage.php: <td><input type=text name=etype8 size=5 value=クラス8></td>
250702112726: HistoryEditPage.php: <td><input type=text name=etype9 size=5 value=クラス9></td>
250702112743: HistoryEditPage.php: first_pass
250702112743: HistoryEditPage.php: first_pass
250702112743: HistoryEditPage.php: param:#notic#oshima#クラス1;クラス2;クラス3;クラス4;クラス5;クラス6;クラス7;クラス8;クラス9
250702112743: HistoryEditPage.php: second pass
250702112743: HistoryEditPage.php: types:クラス1;クラス2;クラス3;クラス4;クラス5;クラス6;クラス7;クラス8;クラス9
250702112743: HistoryEditPage.php: <td><input type=text name=etype1 size=5 value=クラス1></td>
250702112743: HistoryEditPage.php: <td><input type=text name=etype2 size=5 value=クラス2></td>
250702112743: HistoryEditPage.php: <td><input type=text name=etype3 size=5 value=クラス3></td>
250702112743: HistoryEditPage.php: <td><input type=text name=etype4 size=5 value=クラス4></td>
250702112743: HistoryEditPage.php: <td><input type=text name=etype5 size=5 value=クラス5></td>
250702112743: HistoryEditPage.php: <td><input type=text name=etype6 size=5 value=クラス6></td>
250702112743: HistoryEditPage.php: <td><input type=text name=etype7 size=5 value=クラス7></td>
250702112743: HistoryEditPage.php: <td><input type=text name=etype8 size=5 value=クラス8></td>
250702112743: HistoryEditPage.php: <td><input type=text name=etype9 size=5 value=クラス9></td>
250702112803: HistoryEditPage.php: first_pass
250702112803: HistoryEditPage.php: update histtboshima set password='', type='クラス1;処理;クラス3;クラス4;クラス5;クラス6;クラス7;削除予定;クラス9'
250702112804: HistoryEditPage.php: #edit#oshima##クラス1;処理;クラス3;クラス4;クラス5;クラス6;クラス7;削除予定;クラス9
250702112804: HistoryEditPage.php: first_pass
250702112804: HistoryEditPage.php: param:#notic#oshima#
250702112804: HistoryEditPage.php: second pass
250702112804: HistoryEditPage.php: <td><input type=text name=etype1 size=5 value=></td>
250702112804: HistoryEditPage.php: <td><input type=text name=etype2 size=5 value=></td>
250702112804: HistoryEditPage.php: <td><input type=text name=etype3 size=5 value=></td>
250702112804: HistoryEditPage.php: <td><input type=text name=etype4 size=5 value=></td>
250702112804: HistoryEditPage.php: <td><input type=text name=etype5 size=5 value=></td>
250702112804: HistoryEditPage.php: <td><input type=text name=etype6 size=5 value=></td>
250702112804: HistoryEditPage.php: <td><input type=text name=etype7 size=5 value=></td>
250702112804: HistoryEditPage.php: <td><input type=text name=etype8 size=5 value=></td>
250702112804: HistoryEditPage.php: <td><input type=text name=etype9 size=5 value=></td>
250702114929: HistoryEditPage.php: first_pass
250702114929: HistoryEditPage.php: param:#notic#oshima#クラス1;処理;クラス3;クラス4;クラス5;クラス6;クラス7;削除予定;クラス9
250702114929: HistoryEditPage.php: second pass
250702114929: HistoryEditPage.php: edit:クラス1;処理;クラス3;クラス4;クラス5;クラス6;クラス7;削除予定;クラス9
250702114929: HistoryEditPage.php: <td><input type=text name=etype1 size=5 value=クラス1></td>
250702114929: HistoryEditPage.php: <td><input type=text name=etype2 size=5 value=処理></td>
250702114929: HistoryEditPage.php: <td><input type=text name=etype3 size=5 value=クラス3></td>
250702114929: HistoryEditPage.php: <td><input type=text name=etype4 size=5 value=クラス4></td>
250702114929: HistoryEditPage.php: <td><input type=text name=etype5 size=5 value=クラス5></td>
250702114929: HistoryEditPage.php: <td><input type=text name=etype6 size=5 value=クラス6></td>
250702114929: HistoryEditPage.php: <td><input type=text name=etype7 size=5 value=クラス7></td>
250702114929: HistoryEditPage.php: <td><input type=text name=etype8 size=5 value=削除予定></td>
250702114929: HistoryEditPage.php: <td><input type=text name=etype9 size=5 value=クラス9></td>
250702114933: HistoryEditPage.php: first_pass
250702114933: HistoryEditPage.php: param:#notic#oshima#クラス1;処理;クラス3;クラス4;クラス5;クラス6;クラス7;削除予定;クラス9
250702114933: HistoryEditPage.php: second pass
250702114933: HistoryEditPage.php: edit:クラス1;処理;クラス3;クラス4;クラス5;クラス6;クラス7;削除予定;クラス9
250702114933: HistoryEditPage.php: <td><input type=text name=etype1 size=5 value=クラス1></td>
250702114933: HistoryEditPage.php: <td><input type=text name=etype2 size=5 value=処理></td>
250702114933: HistoryEditPage.php: <td><input type=text name=etype3 size=5 value=クラス3></td>
250702114933: HistoryEditPage.php: <td><input type=text name=etype4 size=5 value=クラス4></td>
250702114933: HistoryEditPage.php: <td><input type=text name=etype5 size=5 value=クラス5></td>
250702114933: HistoryEditPage.php: <td><input type=text name=etype6 size=5 value=クラス6></td>
250702114933: HistoryEditPage.php: <td><input type=text name=etype7 size=5 value=クラス7></td>
250702114933: HistoryEditPage.php: <td><input type=text name=etype8 size=5 value=削除予定></td>
250702114933: HistoryEditPage.php: <td><input type=text name=etype9 size=5 value=クラス9></td>
250702114940: HistoryEditPage.php: first_pass
250702114940: HistoryEditPage.php: first_pass
250702114940: HistoryEditPage.php: param:#notic#oshima#ユーザーまたはパスワードが違います
250702114940: HistoryEditPage.php: second pass
250702114940: HistoryEditPage.php: <td><input type=text name=etype1 size=5 value=></td>
250702114940: HistoryEditPage.php: <td><input type=text name=etype2 size=5 value=></td>
250702114940: HistoryEditPage.php: <td><input type=text name=etype3 size=5 value=></td>
250702114940: HistoryEditPage.php: <td><input type=text name=etype4 size=5 value=></td>
250702114940: HistoryEditPage.php: <td><input type=text name=etype5 size=5 value=></td>
250702114940: HistoryEditPage.php: <td><input type=text name=etype6 size=5 value=></td>
250702114940: HistoryEditPage.php: <td><input type=text name=etype7 size=5 value=></td>
250702114940: HistoryEditPage.php: <td><input type=text name=etype8 size=5 value=></td>
250702114940: HistoryEditPage.php: <td><input type=text name=etype9 size=5 value=></td>
250702114954: HistoryEditPage.php: first_pass
250702114954: HistoryEditPage.php: first_pass
250702114954: HistoryEditPage.php: param:#notic#oshima#ユーザーまたはパスワードが違います
250702114954: HistoryEditPage.php: second pass
250702114954: HistoryEditPage.php: <td><input type=text name=etype1 size=5 value=></td>
250702114954: HistoryEditPage.php: <td><input type=text name=etype2 size=5 value=></td>
250702114954: HistoryEditPage.php: <td><input type=text name=etype3 size=5 value=></td>
250702114954: HistoryEditPage.php: <td><input type=text name=etype4 size=5 value=></td>
250702114954: HistoryEditPage.php: <td><input type=text name=etype5 size=5 value=></td>
250702114954: HistoryEditPage.php: <td><input type=text name=etype6 size=5 value=></td>
250702114954: HistoryEditPage.php: <td><input type=text name=etype7 size=5 value=></td>
250702114954: HistoryEditPage.php: <td><input type=text name=etype8 size=5 value=></td>
250702114954: HistoryEditPage.php: <td><input type=text name=etype9 size=5 value=></td>
250702115010: HistoryEditPage.php: first_pass
250702115010: HistoryEditPage.php: first_pass
250702115010: HistoryEditPage.php: param:#notic#oshima#クラス1;処理;クラス3;クラス4;クラス5;クラス6;クラス7;削除予定;クラス9
250702115010: HistoryEditPage.php: second pass
250702115010: HistoryEditPage.php: ptype:クラス1;処理;クラス3;クラス4;クラス5;クラス6;クラス7;削除予定;クラス9
250702115010: HistoryEditPage.php: <td><input type=text name=etype1 size=5 value=クラス1></td>
250702115010: HistoryEditPage.php: <td><input type=text name=etype2 size=5 value=処理></td>
250702115010: HistoryEditPage.php: <td><input type=text name=etype3 size=5 value=クラス3></td>
250702115010: HistoryEditPage.php: <td><input type=text name=etype4 size=5 value=クラス4></td>
250702115010: HistoryEditPage.php: <td><input type=text name=etype5 size=5 value=クラス5></td>
250702115010: HistoryEditPage.php: <td><input type=text name=etype6 size=5 value=クラス6></td>
250702115010: HistoryEditPage.php: <td><input type=text name=etype7 size=5 value=クラス7></td>
250702115010: HistoryEditPage.php: <td><input type=text name=etype8 size=5 value=削除予定></td>
250702115010: HistoryEditPage.php: <td><input type=text name=etype9 size=5 value=クラス9></td>
250702141550: HistoryEditPage.php: first_pass
250702141550: HistoryEditPage.php: first_pass
250702141550: HistoryEditPage.php: param:#notic#oshima#クラス1;処理;クラス3;クラス4;クラス5;クラス6;クラス7;削除予定;クラス9
250702141550: HistoryEditPage.php: second pass
250702141550: HistoryEditPage.php: ptype:クラス1;処理;クラス3;クラス4;クラス5;クラス6;クラス7;削除予定;クラス9
250702141550: HistoryEditPage.php: <td><input type=text name=etype1 size=5 value=クラス1></td>
250702141550: HistoryEditPage.php: <td><input type=text name=etype2 size=5 value=処理></td>
250702141550: HistoryEditPage.php: <td><input type=text name=etype3 size=5 value=クラス3></td>
250702141550: HistoryEditPage.php: <td><input type=text name=etype4 size=5 value=クラス4></td>
250702141550: HistoryEditPage.php: <td><input type=text name=etype5 size=5 value=クラス5></td>
250702141550: HistoryEditPage.php: <td><input type=text name=etype6 size=5 value=クラス6></td>
250702141550: HistoryEditPage.php: <td><input type=text name=etype7 size=5 value=クラス7></td>
250702141550: HistoryEditPage.php: <td><input type=text name=etype8 size=5 value=削除予定></td>
250702141550: HistoryEditPage.php: <td><input type=text name=etype9 size=5 value=クラス9></td>
250702141716: HistoryEditPage.php: first_pass
250702141716: HistoryEditPage.php: param:#notic#oshima#クラス1;処理;クラス3;クラス4;クラス5;クラス6;クラス7;削除予定;クラス9
250702141716: HistoryEditPage.php: second pass
250702141716: HistoryEditPage.php: ptype:クラス1;処理;クラス3;クラス4;クラス5;クラス6;クラス7;削除予定;クラス9
250702141716: HistoryEditPage.php: <td><input type=text name=etype1 size=5 value=クラス1></td>
250702141716: HistoryEditPage.php: <td><input type=text name=etype2 size=5 value=処理></td>
250702141716: HistoryEditPage.php: <td><input type=text name=etype3 size=5 value=クラス3></td>
250702141716: HistoryEditPage.php: <td><input type=text name=etype4 size=5 value=クラス4></td>
250702141716: HistoryEditPage.php: <td><input type=text name=etype5 size=5 value=クラス5></td>
250702141716: HistoryEditPage.php: <td><input type=text name=etype6 size=5 value=クラス6></td>
250702141716: HistoryEditPage.php: <td><input type=text name=etype7 size=5 value=クラス7></td>
250702141716: HistoryEditPage.php: <td><input type=text name=etype8 size=5 value=削除予定></td>
250702141716: HistoryEditPage.php: <td><input type=text name=etype9 size=5 value=クラス9></td>
250702141721: HistoryEditPage.php: first_pass
250702141721: HistoryEditPage.php: first_pass
250702141721: HistoryEditPage.php: param:#notic#oshima#クラス1;処理;クラス3;クラス4;クラス5;クラス6;クラス7;削除予定;クラス9
250702141721: HistoryEditPage.php: second pass
250702141721: HistoryEditPage.php: ptype:クラス1;処理;クラス3;クラス4;クラス5;クラス6;クラス7;削除予定;クラス9
250702141721: HistoryEditPage.php: <td><input type=text name=etype1 size=5 value=クラス1></td>
250702141721: HistoryEditPage.php: <td><input type=text name=etype2 size=5 value=処理></td>
250702141721: HistoryEditPage.php: <td><input type=text name=etype3 size=5 value=クラス3></td>
250702141721: HistoryEditPage.php: <td><input type=text name=etype4 size=5 value=クラス4></td>
250702141721: HistoryEditPage.php: <td><input type=text name=etype5 size=5 value=クラス5></td>
250702141721: HistoryEditPage.php: <td><input type=text name=etype6 size=5 value=クラス6></td>
250702141721: HistoryEditPage.php: <td><input type=text name=etype7 size=5 value=クラス7></td>
250702141721: HistoryEditPage.php: <td><input type=text name=etype8 size=5 value=削除予定></td>
250702141721: HistoryEditPage.php: <td><input type=text name=etype9 size=5 value=クラス9></td>
250702141744: HistoryEditPage.php: first_pass
250702141744: HistoryEditPage.php: update histtboshima set password='amihsho', type='クラス1;処理;クラス3;クラス4;クラス5;クラス6;クラス7;削除予定;クラス9'
250702141744: HistoryEditPage.php: #edit#oshima#amihsho#クラス1;処理;クラス3;クラス4;クラス5;クラス6;クラス7;削除予定;クラス9
250702141744: HistoryEditPage.php: first_pass
250702141744: HistoryEditPage.php: param:#notic#oshima#クラス1;処理;クラス3;クラス4;クラス5;クラス6;クラス7;削除予定;クラス9
250702141744: HistoryEditPage.php: second pass
250702141744: HistoryEditPage.php: edit:クラス1;処理;クラス3;クラス4;クラス5;クラス6;クラス7;削除予定;クラス9
250702141744: HistoryEditPage.php: <td><input type=text name=etype1 size=5 value=クラス1></td>
250702141744: HistoryEditPage.php: <td><input type=text name=etype2 size=5 value=処理></td>
250702141744: HistoryEditPage.php: <td><input type=text name=etype3 size=5 value=クラス3></td>
250702141744: HistoryEditPage.php: <td><input type=text name=etype4 size=5 value=クラス4></td>
250702141744: HistoryEditPage.php: <td><input type=text name=etype5 size=5 value=クラス5></td>
250702141744: HistoryEditPage.php: <td><input type=text name=etype6 size=5 value=クラス6></td>
250702141744: HistoryEditPage.php: <td><input type=text name=etype7 size=5 value=クラス7></td>
250702141744: HistoryEditPage.php: <td><input type=text name=etype8 size=5 value=削除予定></td>
250702141744: HistoryEditPage.php: <td><input type=text name=etype9 size=5 value=クラス9></td>
250702141801: HistoryEditPage.php: first_pass
250702141801: HistoryEditPage.php: first_pass
250702141801: HistoryEditPage.php: param:#notic#oshima#クラス1;処理;クラス3;クラス4;クラス5;クラス6;クラス7;削除予定;クラス9
250702141801: HistoryEditPage.php: second pass
250702141801: HistoryEditPage.php: ptype:クラス1;処理;クラス3;クラス4;クラス5;クラス6;クラス7;削除予定;クラス9
250702141801: HistoryEditPage.php: <td><input type=text name=etype1 size=5 value=クラス1></td>
250702141801: HistoryEditPage.php: <td><input type=text name=etype2 size=5 value=処理></td>
250702141801: HistoryEditPage.php: <td><input type=text name=etype3 size=5 value=クラス3></td>
250702141801: HistoryEditPage.php: <td><input type=text name=etype4 size=5 value=クラス4></td>
250702141801: HistoryEditPage.php: <td><input type=text name=etype5 size=5 value=クラス5></td>
250702141801: HistoryEditPage.php: <td><input type=text name=etype6 size=5 value=クラス6></td>
250702141801: HistoryEditPage.php: <td><input type=text name=etype7 size=5 value=クラス7></td>
250702141801: HistoryEditPage.php: <td><input type=text name=etype8 size=5 value=削除予定></td>
250702141801: HistoryEditPage.php: <td><input type=text name=etype9 size=5 value=クラス9></td>
250702141815: HistoryEditPage.php: first_pass
250702141815: HistoryEditPage.php: update histtboshima set password='', type='クラス1;処理;クラス3;クラス4;クラス5;クラス6;クラス7;削除予定;クラス9'
250702141815: HistoryEditPage.php: #edit#oshima##クラス1;処理;クラス3;クラス4;クラス5;クラス6;クラス7;削除予定;クラス9
250702141815: HistoryEditPage.php: first_pass
250702141815: HistoryEditPage.php: param:#notic#oshima#クラス1;処理;クラス3;クラス4;クラス5;クラス6;クラス7;削除予定;クラス9
250702141815: HistoryEditPage.php: second pass
250702141815: HistoryEditPage.php: edit:クラス1;処理;クラス3;クラス4;クラス5;クラス6;クラス7;削除予定;クラス9
250702141815: HistoryEditPage.php: <td><input type=text name=etype1 size=5 value=クラス1></td>
250702141815: HistoryEditPage.php: <td><input type=text name=etype2 size=5 value=処理></td>
250702141815: HistoryEditPage.php: <td><input type=text name=etype3 size=5 value=クラス3></td>
250702141815: HistoryEditPage.php: <td><input type=text name=etype4 size=5 value=クラス4></td>
250702141815: HistoryEditPage.php: <td><input type=text name=etype5 size=5 value=クラス5></td>
250702141815: HistoryEditPage.php: <td><input type=text name=etype6 size=5 value=クラス6></td>
250702141815: HistoryEditPage.php: <td><input type=text name=etype7 size=5 value=クラス7></td>
250702141815: HistoryEditPage.php: <td><input type=text name=etype8 size=5 value=削除予定></td>
250702141815: HistoryEditPage.php: <td><input type=text name=etype9 size=5 value=クラス9></td>
250702141819: HistoryEditPage.php: first_pass
250702141819: HistoryEditPage.php: first_pass
250702141819: HistoryEditPage.php: param:#notic#oshima#クラス1;処理;クラス3;クラス4;クラス5;クラス6;クラス7;削除予定;クラス9
250702141819: HistoryEditPage.php: second pass
250702141819: HistoryEditPage.php: ptype:クラス1;処理;クラス3;クラス4;クラス5;クラス6;クラス7;削除予定;クラス9
250702141819: HistoryEditPage.php: <td><input type=text name=etype1 size=5 value=クラス1></td>
250702141819: HistoryEditPage.php: <td><input type=text name=etype2 size=5 value=処理></td>
250702141819: HistoryEditPage.php: <td><input type=text name=etype3 size=5 value=クラス3></td>
250702141819: HistoryEditPage.php: <td><input type=text name=etype4 size=5 value=クラス4></td>
250702141819: HistoryEditPage.php: <td><input type=text name=etype5 size=5 value=クラス5></td>
250702141819: HistoryEditPage.php: <td><input type=text name=etype6 size=5 value=クラス6></td>
250702141819: HistoryEditPage.php: <td><input type=text name=etype7 size=5 value=クラス7></td>
250702141819: HistoryEditPage.php: <td><input type=text name=etype8 size=5 value=削除予定></td>
250702141819: HistoryEditPage.php: <td><input type=text name=etype9 size=5 value=クラス9></td>
250702141827: HistoryEditPage.php: first_pass
250702141827: HistoryEditPage.php: first_pass
250702141827: HistoryEditPage.php: param:#notic#oshima#ユーザーまたはパスワードが違います
250702141827: HistoryEditPage.php: second pass
250702141827: HistoryEditPage.php: <td><input type=text name=etype1 size=5 value=></td>
250702141827: HistoryEditPage.php: <td><input type=text name=etype2 size=5 value=></td>
250702141827: HistoryEditPage.php: <td><input type=text name=etype3 size=5 value=></td>
250702141827: HistoryEditPage.php: <td><input type=text name=etype4 size=5 value=></td>
250702141827: HistoryEditPage.php: <td><input type=text name=etype5 size=5 value=></td>
250702141827: HistoryEditPage.php: <td><input type=text name=etype6 size=5 value=></td>
250702141827: HistoryEditPage.php: <td><input type=text name=etype7 size=5 value=></td>
250702141827: HistoryEditPage.php: <td><input type=text name=etype8 size=5 value=></td>
250702141827: HistoryEditPage.php: <td><input type=text name=etype9 size=5 value=></td>
250702142044: HistoryEditPage.php: first_pass
250702142044: HistoryEditPage.php: first_pass
250702142044: HistoryEditPage.php: param:#notic#oshima#クラス1;処理;クラス3;クラス4;クラス5;クラス6;クラス7;削除予定;クラス9
250702142044: HistoryEditPage.php: second pass
250702142044: HistoryEditPage.php: ptype:クラス1;処理;クラス3;クラス4;クラス5;クラス6;クラス7;削除予定;クラス9
250702142044: HistoryEditPage.php: <td><input type=text name=etype1 size=5 value=クラス1></td>
250702142044: HistoryEditPage.php: <td><input type=text name=etype2 size=5 value=処理></td>
250702142044: HistoryEditPage.php: <td><input type=text name=etype3 size=5 value=クラス3></td>
250702142044: HistoryEditPage.php: <td><input type=text name=etype4 size=5 value=クラス4></td>
250702142044: HistoryEditPage.php: <td><input type=text name=etype5 size=5 value=クラス5></td>
250702142044: HistoryEditPage.php: <td><input type=text name=etype6 size=5 value=クラス6></td>
250702142044: HistoryEditPage.php: <td><input type=text name=etype7 size=5 value=クラス7></td>
250702142044: HistoryEditPage.php: <td><input type=text name=etype8 size=5 value=削除予定></td>
250702142044: HistoryEditPage.php: <td><input type=text name=etype9 size=5 value=クラス9></td>
250702142055: HistoryEditPage.php: first_pass
250702142055: HistoryEditPage.php: update histtboshima set password='amihsho', type='クラス1;処理;クラス3;クラス4;クラス5;クラス6;クラス7;削除予定;クラス9'
250702142055: HistoryEditPage.php: #edit#oshima#amihsho#クラス1;処理;クラス3;クラス4;クラス5;クラス6;クラス7;削除予定;クラス9
250702142055: HistoryEditPage.php: first_pass
250702142055: HistoryEditPage.php: param:#notic#oshima#クラス1;処理;クラス3;クラス4;クラス5;クラス6;クラス7;削除予定;クラス9
250702142055: HistoryEditPage.php: second pass
250702142055: HistoryEditPage.php: edit:クラス1;処理;クラス3;クラス4;クラス5;クラス6;クラス7;削除予定;クラス9
250702142055: HistoryEditPage.php: <td><input type=text name=etype1 size=5 value=クラス1></td>
250702142055: HistoryEditPage.php: <td><input type=text name=etype2 size=5 value=処理></td>
250702142055: HistoryEditPage.php: <td><input type=text name=etype3 size=5 value=クラス3></td>
250702142055: HistoryEditPage.php: <td><input type=text name=etype4 size=5 value=クラス4></td>
250702142055: HistoryEditPage.php: <td><input type=text name=etype5 size=5 value=クラス5></td>
250702142055: HistoryEditPage.php: <td><input type=text name=etype6 size=5 value=クラス6></td>
250702142055: HistoryEditPage.php: <td><input type=text name=etype7 size=5 value=クラス7></td>
250702142055: HistoryEditPage.php: <td><input type=text name=etype8 size=5 value=削除予定></td>
250702142055: HistoryEditPage.php: <td><input type=text name=etype9 size=5 value=クラス9></td>
250702142105: HistoryEditPage.php: first_pass
250702142105: HistoryEditPage.php: first_pass
250702142105: HistoryEditPage.php: param:#notic#oshima#クラス1;処理;クラス3;クラス4;クラス5;クラス6;クラス7;削除予定;クラス9
250702142105: HistoryEditPage.php: second pass
250702142105: HistoryEditPage.php: ptype:クラス1;処理;クラス3;クラス4;クラス5;クラス6;クラス7;削除予定;クラス9
250702142105: HistoryEditPage.php: <td><input type=text name=etype1 size=5 value=クラス1></td>
250702142105: HistoryEditPage.php: <td><input type=text name=etype2 size=5 value=処理></td>
250702142105: HistoryEditPage.php: <td><input type=text name=etype3 size=5 value=クラス3></td>
250702142105: HistoryEditPage.php: <td><input type=text name=etype4 size=5 value=クラス4></td>
250702142105: HistoryEditPage.php: <td><input type=text name=etype5 size=5 value=クラス5></td>
250702142105: HistoryEditPage.php: <td><input type=text name=etype6 size=5 value=クラス6></td>
250702142105: HistoryEditPage.php: <td><input type=text name=etype7 size=5 value=クラス7></td>
250702142105: HistoryEditPage.php: <td><input type=text name=etype8 size=5 value=削除予定></td>
250702142105: HistoryEditPage.php: <td><input type=text name=etype9 size=5 value=クラス9></td>
250702142800: HistoryEditPage.php: first_pass
250702142800: HistoryEditPage.php: paramSet:brcode:ptype,user:oshima,password:,types:クラス1;処理;クラス3;クラス4;クラス5;クラス6;クラス7;削除予定;クラス9
250702142800: HistoryEditPage.php: second pass
250702142800: HistoryEditPage.php: ptype:クラス1;処理;クラス3;クラス4;クラス5;クラス6;クラス7;削除予定;クラス9
250702142800: HistoryEditPage.php: <td><input type=text name=etype1 size=5 value=クラス1></td>
250702142800: HistoryEditPage.php: <td><input type=text name=etype2 size=5 value=処理></td>
250702142800: HistoryEditPage.php: <td><input type=text name=etype3 size=5 value=クラス3></td>
250702142800: HistoryEditPage.php: <td><input type=text name=etype4 size=5 value=クラス4></td>
250702142800: HistoryEditPage.php: <td><input type=text name=etype5 size=5 value=クラス5></td>
250702142800: HistoryEditPage.php: <td><input type=text name=etype6 size=5 value=クラス6></td>
250702142800: HistoryEditPage.php: <td><input type=text name=etype7 size=5 value=クラス7></td>
250702142800: HistoryEditPage.php: <td><input type=text name=etype8 size=5 value=削除予定></td>
250702142800: HistoryEditPage.php: <td><input type=text name=etype9 size=5 value=クラス9></td>
250702142808: HistoryEditPage.php: first_pass
250702142808: HistoryEditPage.php: first_pass
250702142808: HistoryEditPage.php: paramSet:brcode:ptype,user:oshima,password:,types:クラス1;処理;クラス3;クラス4;クラス5;クラス6;クラス7;削除予定;クラス9
250702142808: HistoryEditPage.php: second pass
250702142808: HistoryEditPage.php: ptype:クラス1;処理;クラス3;クラス4;クラス5;クラス6;クラス7;削除予定;クラス9
250702142808: HistoryEditPage.php: <td><input type=text name=etype1 size=5 value=クラス1></td>
250702142808: HistoryEditPage.php: <td><input type=text name=etype2 size=5 value=処理></td>
250702142808: HistoryEditPage.php: <td><input type=text name=etype3 size=5 value=クラス3></td>
250702142808: HistoryEditPage.php: <td><input type=text name=etype4 size=5 value=クラス4></td>
250702142808: HistoryEditPage.php: <td><input type=text name=etype5 size=5 value=クラス5></td>
250702142808: HistoryEditPage.php: <td><input type=text name=etype6 size=5 value=クラス6></td>
250702142808: HistoryEditPage.php: <td><input type=text name=etype7 size=5 value=クラス7></td>
250702142808: HistoryEditPage.php: <td><input type=text name=etype8 size=5 value=削除予定></td>
250702142808: HistoryEditPage.php: <td><input type=text name=etype9 size=5 value=クラス9></td>
250702142908: HistoryEditPage.php: first_pass
250702142908: HistoryEditPage.php: first_pass
250702142908: HistoryEditPage.php: paramSet:brcode:error,user:oshima,password:,types:ユーザーまたはパスワードが違います
250702142908: HistoryEditPage.php: second pass
250702142908: HistoryEditPage.php: <td><input type=text name=etype1 size=5 value=></td>
250702142908: HistoryEditPage.php: <td><input type=text name=etype2 size=5 value=></td>
250702142908: HistoryEditPage.php: <td><input type=text name=etype3 size=5 value=></td>
250702142908: HistoryEditPage.php: <td><input type=text name=etype4 size=5 value=></td>
250702142908: HistoryEditPage.php: <td><input type=text name=etype5 size=5 value=></td>
250702142908: HistoryEditPage.php: <td><input type=text name=etype6 size=5 value=></td>
250702142908: HistoryEditPage.php: <td><input type=text name=etype7 size=5 value=></td>
250702142908: HistoryEditPage.php: <td><input type=text name=etype8 size=5 value=></td>
250702142908: HistoryEditPage.php: <td><input type=text name=etype9 size=5 value=></td>
250702143309: HistoryEditPage.php: first_pass
250702143309: HistoryEditPage.php: first_pass
250702143309: HistoryEditPage.php: paramSet:brcode:ptype,user:oshima,password:,types:クラス1;処理;クラス3;クラス4;クラス5;クラス6;クラス7;削除予定;クラス9
250702143309: HistoryEditPage.php: second pass
250702143309: HistoryEditPage.php: ptype:クラス1;処理;クラス3;クラス4;クラス5;クラス6;クラス7;削除予定;クラス9
250702143309: HistoryEditPage.php: <td><input type=text name=etype1 size=5 value=クラス1></td>
250702143309: HistoryEditPage.php: <td><input type=text name=etype2 size=5 value=処理></td>
250702143309: HistoryEditPage.php: <td><input type=text name=etype3 size=5 value=クラス3></td>
250702143309: HistoryEditPage.php: <td><input type=text name=etype4 size=5 value=クラス4></td>
250702143309: HistoryEditPage.php: <td><input type=text name=etype5 size=5 value=クラス5></td>
250702143309: HistoryEditPage.php: <td><input type=text name=etype6 size=5 value=クラス6></td>
250702143309: HistoryEditPage.php: <td><input type=text name=etype7 size=5 value=クラス7></td>
250702143309: HistoryEditPage.php: <td><input type=text name=etype8 size=5 value=削除予定></td>
250702143309: HistoryEditPage.php: <td><input type=text name=etype9 size=5 value=クラス9></td>
250702143352: HistoryEditPage.php: first_pass
250702143352: HistoryEditPage.php: first_pass
250702143352: HistoryEditPage.php: paramSet:brcode=ptype,user=oshima,password=,types=クラス1;処理;クラス3;クラス4;クラス5;クラス6;クラス7;削除予定;クラス9
250702143352: HistoryEditPage.php: second pass
250702143352: HistoryEditPage.php: ptype:クラス1;処理;クラス3;クラス4;クラス5;クラス6;クラス7;削除予定;クラス9
250702143352: HistoryEditPage.php: <td><input type=text name=etype1 size=5 value=クラス1></td>
250702143352: HistoryEditPage.php: <td><input type=text name=etype2 size=5 value=処理></td>
250702143352: HistoryEditPage.php: <td><input type=text name=etype3 size=5 value=クラス3></td>
250702143352: HistoryEditPage.php: <td><input type=text name=etype4 size=5 value=クラス4></td>
250702143352: HistoryEditPage.php: <td><input type=text name=etype5 size=5 value=クラス5></td>
250702143352: HistoryEditPage.php: <td><input type=text name=etype6 size=5 value=クラス6></td>
250702143352: HistoryEditPage.php: <td><input type=text name=etype7 size=5 value=クラス7></td>
250702143352: HistoryEditPage.php: <td><input type=text name=etype8 size=5 value=削除予定></td>
250702143352: HistoryEditPage.php: <td><input type=text name=etype9 size=5 value=クラス9></td>
250702143625: HistoryEditPage.php: first_pass
250702143625: HistoryEditPage.php: first_pass
250702143625: HistoryEditPage.php: paramSet:brcode=ptype,user=oshima,password=amihsho,types=クラス1;処理;クラス3;クラス4;クラス5;クラス6;クラス7;削除予定;クラス9
250702143625: HistoryEditPage.php: second pass
250702143625: HistoryEditPage.php: ptype:クラス1;処理;クラス3;クラス4;クラス5;クラス6;クラス7;削除予定;クラス9
250702143625: HistoryEditPage.php: <td><input type=text name=etype1 size=5 value=クラス1></td>
250702143625: HistoryEditPage.php: <td><input type=text name=etype2 size=5 value=処理></td>
250702143625: HistoryEditPage.php: <td><input type=text name=etype3 size=5 value=クラス3></td>
250702143625: HistoryEditPage.php: <td><input type=text name=etype4 size=5 value=クラス4></td>
250702143625: HistoryEditPage.php: <td><input type=text name=etype5 size=5 value=クラス5></td>
250702143625: HistoryEditPage.php: <td><input type=text name=etype6 size=5 value=クラス6></td>
250702143625: HistoryEditPage.php: <td><input type=text name=etype7 size=5 value=クラス7></td>
250702143625: HistoryEditPage.php: <td><input type=text name=etype8 size=5 value=削除予定></td>
250702143625: HistoryEditPage.php: <td><input type=text name=etype9 size=5 value=クラス9></td>
250702143640: HistoryEditPage.php: first_pass
250702143640: HistoryEditPage.php: update histtboshima set password='amihsho', type='クラス1;処理;クラス3;クラス4;クラス5;クラス6;クラス7;削除予定;クラス9'
250702143640: HistoryEditPage.php: #edit#oshima#amihsho#クラス1;処理;クラス3;クラス4;クラス5;クラス6;クラス7;削除予定;クラス9
250702143640: HistoryEditPage.php: first_pass
250702143640: HistoryEditPage.php: paramSet:brcode=edit,user=oshima,password=amihsho,types=クラス1;処理;クラス3;クラス4;クラス5;クラス6;クラス7;削除予定;クラス9
250702143640: HistoryEditPage.php: second pass
250702143640: HistoryEditPage.php: edit:クラス1;処理;クラス3;クラス4;クラス5;クラス6;クラス7;削除予定;クラス9
250702143640: HistoryEditPage.php: <td><input type=text name=etype1 size=5 value=クラス1></td>
250702143640: HistoryEditPage.php: <td><input type=text name=etype2 size=5 value=処理></td>
250702143640: HistoryEditPage.php: <td><input type=text name=etype3 size=5 value=クラス3></td>
250702143640: HistoryEditPage.php: <td><input type=text name=etype4 size=5 value=クラス4></td>
250702143640: HistoryEditPage.php: <td><input type=text name=etype5 size=5 value=クラス5></td>
250702143640: HistoryEditPage.php: <td><input type=text name=etype6 size=5 value=クラス6></td>
250702143640: HistoryEditPage.php: <td><input type=text name=etype7 size=5 value=クラス7></td>
250702143640: HistoryEditPage.php: <td><input type=text name=etype8 size=5 value=削除予定></td>
250702143640: HistoryEditPage.php: <td><input type=text name=etype9 size=5 value=クラス9></td>
250702143949: HistoryEditPage.php: first_pass
250702143949: HistoryEditPage.php: paramSet:brcode=edit,user=oshima,password=amihsho,types=クラス1;処理;クラス3;クラス4;クラス5;クラス6;クラス7;削除予定;クラス9
250702143949: HistoryEditPage.php: second pass
250702143949: HistoryEditPage.php: edit:クラス1;処理;クラス3;クラス4;クラス5;クラス6;クラス7;削除予定;クラス9
250702143949: HistoryEditPage.php: <td><input type=text name=etype1 size=5 value=クラス1></td>
250702143949: HistoryEditPage.php: <td><input type=text name=etype2 size=5 value=処理></td>
250702143949: HistoryEditPage.php: <td><input type=text name=etype3 size=5 value=クラス3></td>
250702143949: HistoryEditPage.php: <td><input type=text name=etype4 size=5 value=クラス4></td>
250702143949: HistoryEditPage.php: <td><input type=text name=etype5 size=5 value=クラス5></td>
250702143949: HistoryEditPage.php: <td><input type=text name=etype6 size=5 value=クラス6></td>
250702143949: HistoryEditPage.php: <td><input type=text name=etype7 size=5 value=クラス7></td>
250702143949: HistoryEditPage.php: <td><input type=text name=etype8 size=5 value=削除予定></td>
250702143949: HistoryEditPage.php: <td><input type=text name=etype9 size=5 value=クラス9></td>
250702144007: HistoryEditPage.php: first_pass
250702144007: HistoryEditPage.php: paramSet:brcode=edit,user=oshima,password=amihsho,types=クラス1;処理;クラス3;クラス4;クラス5;クラス6;クラス7;削除予定;クラス9
250702144007: HistoryEditPage.php: second pass
250702144007: HistoryEditPage.php: edit:クラス1;処理;クラス3;クラス4;クラス5;クラス6;クラス7;削除予定;クラス9
250702144007: HistoryEditPage.php: <td><input type=text name=etype1 size=5 value=クラス1></td>
250702144007: HistoryEditPage.php: <td><input type=text name=etype2 size=5 value=処理></td>
250702144007: HistoryEditPage.php: <td><input type=text name=etype3 size=5 value=クラス3></td>
250702144007: HistoryEditPage.php: <td><input type=text name=etype4 size=5 value=クラス4></td>
250702144007: HistoryEditPage.php: <td><input type=text name=etype5 size=5 value=クラス5></td>
250702144007: HistoryEditPage.php: <td><input type=text name=etype6 size=5 value=クラス6></td>
250702144007: HistoryEditPage.php: <td><input type=text name=etype7 size=5 value=クラス7></td>
250702144007: HistoryEditPage.php: <td><input type=text name=etype8 size=5 value=削除予定></td>
250702144007: HistoryEditPage.php: <td><input type=text name=etype9 size=5 value=クラス9></td>
250702144028: HistoryEditPage.php: first_pass
250702144028: HistoryEditPage.php: paramSet:brcode=edit,user=oshima,password=amihsho,types=クラス1;処理;クラス3;クラス4;クラス5;クラス6;クラス7;削除予定;クラス9
250702144028: HistoryEditPage.php: second pass
250702144028: HistoryEditPage.php: edit:クラス1;処理;クラス3;クラス4;クラス5;クラス6;クラス7;削除予定;クラス9
250702144028: HistoryEditPage.php: <td><input type=text name=etype1 size=5 value=クラス1></td>
250702144028: HistoryEditPage.php: <td><input type=text name=etype2 size=5 value=処理></td>
250702144028: HistoryEditPage.php: <td><input type=text name=etype3 size=5 value=クラス3></td>
250702144028: HistoryEditPage.php: <td><input type=text name=etype4 size=5 value=クラス4></td>
250702144028: HistoryEditPage.php: <td><input type=text name=etype5 size=5 value=クラス5></td>
250702144028: HistoryEditPage.php: <td><input type=text name=etype6 size=5 value=クラス6></td>
250702144028: HistoryEditPage.php: <td><input type=text name=etype7 size=5 value=クラス7></td>
250702144028: HistoryEditPage.php: <td><input type=text name=etype8 size=5 value=削除予定></td>
250702144028: HistoryEditPage.php: <td><input type=text name=etype9 size=5 value=クラス9></td>
250702144146: HistoryEditPage.php: first_pass
250702144146: HistoryEditPage.php: paramSet:brcode=edit,user=oshima,password=amihsho,types=クラス1;処理;クラス3;クラス4;クラス5;クラス6;クラス7;削除予定;クラス9
250702144146: HistoryEditPage.php: second pass
250702144146: HistoryEditPage.php: edit:クラス1;処理;クラス3;クラス4;クラス5;クラス6;クラス7;削除予定;クラス9
250702144146: HistoryEditPage.php: <td><input type=text name=etype1 size=5 value=クラス1></td>
250702144146: HistoryEditPage.php: <td><input type=text name=etype2 size=5 value=処理></td>
250702144146: HistoryEditPage.php: <td><input type=text name=etype3 size=5 value=クラス3></td>
250702144146: HistoryEditPage.php: <td><input type=text name=etype4 size=5 value=クラス4></td>
250702144146: HistoryEditPage.php: <td><input type=text name=etype5 size=5 value=クラス5></td>
250702144146: HistoryEditPage.php: <td><input type=text name=etype6 size=5 value=クラス6></td>
250702144146: HistoryEditPage.php: <td><input type=text name=etype7 size=5 value=クラス7></td>
250702144146: HistoryEditPage.php: <td><input type=text name=etype8 size=5 value=削除予定></td>
250702144146: HistoryEditPage.php: <td><input type=text name=etype9 size=5 value=クラス9></td>
250702144432: HistoryEditPage.php: first_pass
250702144432: HistoryEditPage.php: paramSet:brcode=edit,user=oshima,password=amihsho,types=クラス1;処理;クラス3;クラス4;クラス5;クラス6;クラス7;削除予定;クラス9
250702144432: HistoryEditPage.php: second pass
250702144432: HistoryEditPage.php: edit:クラス1;処理;クラス3;クラス4;クラス5;クラス6;クラス7;削除予定;クラス9
250702144432: HistoryEditPage.php: <td><input type=text name=etype1 size=5 value=クラス1></td>
250702144432: HistoryEditPage.php: <td><input type=text name=etype2 size=5 value=処理></td>
250702144432: HistoryEditPage.php: <td><input type=text name=etype3 size=5 value=クラス3></td>
250702144432: HistoryEditPage.php: <td><input type=text name=etype4 size=5 value=クラス4></td>
250702144432: HistoryEditPage.php: <td><input type=text name=etype5 size=5 value=クラス5></td>
250702144432: HistoryEditPage.php: <td><input type=text name=etype6 size=5 value=クラス6></td>
250702144432: HistoryEditPage.php: <td><input type=text name=etype7 size=5 value=クラス7></td>
250702144432: HistoryEditPage.php: <td><input type=text name=etype8 size=5 value=削除予定></td>
250702144432: HistoryEditPage.php: <td><input type=text name=etype9 size=5 value=クラス9></td>
250702144536: HistoryEditPage.php: first_pass
250702144536: HistoryEditPage.php: paramSet:brcode=edit,user=oshima,password=amihsho,types=クラス1;処理;クラス3;クラス4;クラス5;クラス6;クラス7;削除予定;クラス9
250702144536: HistoryEditPage.php: second pass
250702144536: HistoryEditPage.php: edit:クラス1;処理;クラス3;クラス4;クラス5;クラス6;クラス7;削除予定;クラス9
250702144536: HistoryEditPage.php: <td><input type=text name=etype1 size=5 value=クラス1></td>
250702144536: HistoryEditPage.php: <td><input type=text name=etype2 size=5 value=処理></td>
250702144536: HistoryEditPage.php: <td><input type=text name=etype3 size=5 value=クラス3></td>
250702144536: HistoryEditPage.php: <td><input type=text name=etype4 size=5 value=クラス4></td>
250702144536: HistoryEditPage.php: <td><input type=text name=etype5 size=5 value=クラス5></td>
250702144536: HistoryEditPage.php: <td><input type=text name=etype6 size=5 value=クラス6></td>
250702144536: HistoryEditPage.php: <td><input type=text name=etype7 size=5 value=クラス7></td>
250702144536: HistoryEditPage.php: <td><input type=text name=etype8 size=5 value=削除予定></td>
250702144536: HistoryEditPage.php: <td><input type=text name=etype9 size=5 value=クラス9></td>
250702144701: HistoryEditPage.php: first_pass
250702144701: HistoryEditPage.php: paramSet:brcode=edit,user=oshima,password=amihsho,types=クラス1;処理;クラス3;クラス4;クラス5;クラス6;クラス7;削除予定;クラス9
250702144701: HistoryEditPage.php: second pass
250702144701: HistoryEditPage.php: edit:クラス1;処理;クラス3;クラス4;クラス5;クラス6;クラス7;削除予定;クラス9
250702144701: HistoryEditPage.php: <td><input type=text name=etype1 size=5 value=クラス1></td>
250702144701: HistoryEditPage.php: <td><input type=text name=etype2 size=5 value=処理></td>
250702144701: HistoryEditPage.php: <td><input type=text name=etype3 size=5 value=クラス3></td>
250702144701: HistoryEditPage.php: <td><input type=text name=etype4 size=5 value=クラス4></td>
250702144701: HistoryEditPage.php: <td><input type=text name=etype5 size=5 value=クラス5></td>
250702144701: HistoryEditPage.php: <td><input type=text name=etype6 size=5 value=クラス6></td>
250702144701: HistoryEditPage.php: <td><input type=text name=etype7 size=5 value=クラス7></td>
250702144701: HistoryEditPage.php: <td><input type=text name=etype8 size=5 value=削除予定></td>
250702144701: HistoryEditPage.php: <td><input type=text name=etype9 size=5 value=クラス9></td>
250702144811: HistoryEditPage.php: first_pass
250702144811: HistoryEditPage.php: paramSet:brcode=edit,user=oshima,password=amihsho,types=クラス1;処理;クラス3;クラス4;クラス5;クラス6;クラス7;削除予定;クラス9
250702144811: HistoryEditPage.php: second pass
250702144811: HistoryEditPage.php: edit:クラス1;処理;クラス3;クラス4;クラス5;クラス6;クラス7;削除予定;クラス9
250702144811: HistoryEditPage.php: <td><input type=text name=etype1 size=5 value=クラス1></td>
250702144811: HistoryEditPage.php: <td><input type=text name=etype2 size=5 value=処理></td>
250702144811: HistoryEditPage.php: <td><input type=text name=etype3 size=5 value=クラス3></td>
250702144811: HistoryEditPage.php: <td><input type=text name=etype4 size=5 value=クラス4></td>
250702144811: HistoryEditPage.php: <td><input type=text name=etype5 size=5 value=クラス5></td>
250702144811: HistoryEditPage.php: <td><input type=text name=etype6 size=5 value=クラス6></td>
250702144811: HistoryEditPage.php: <td><input type=text name=etype7 size=5 value=クラス7></td>
250702144811: HistoryEditPage.php: <td><input type=text name=etype8 size=5 value=削除予定></td>
250702144811: HistoryEditPage.php: <td><input type=text name=etype9 size=5 value=クラス9></td>
250702144836: HistoryEditPage.php: first_pass
250702144836: HistoryEditPage.php: paramSet:brcode=edit,user=oshima,password=amihsho,types=クラス1;処理;クラス3;クラス4;クラス5;クラス6;クラス7;削除予定;クラス9
250702144836: HistoryEditPage.php: second pass
250702144836: HistoryEditPage.php: edit:クラス1;処理;クラス3;クラス4;クラス5;クラス6;クラス7;削除予定;クラス9
250702144836: HistoryEditPage.php: <td><input type=text name=etype1 size=5 value=クラス1></td>
250702144836: HistoryEditPage.php: <td><input type=text name=etype2 size=5 value=処理></td>
250702144836: HistoryEditPage.php: <td><input type=text name=etype3 size=5 value=クラス3></td>
250702144836: HistoryEditPage.php: <td><input type=text name=etype4 size=5 value=クラス4></td>
250702144836: HistoryEditPage.php: <td><input type=text name=etype5 size=5 value=クラス5></td>
250702144836: HistoryEditPage.php: <td><input type=text name=etype6 size=5 value=クラス6></td>
250702144836: HistoryEditPage.php: <td><input type=text name=etype7 size=5 value=クラス7></td>
250702144836: HistoryEditPage.php: <td><input type=text name=etype8 size=5 value=削除予定></td>
250702144836: HistoryEditPage.php: <td><input type=text name=etype9 size=5 value=クラス9></td>
250702144923: HistoryEditPage.php: first_pass
250702144923: HistoryEditPage.php: paramSet:brcode=edit,user=oshima,password=amihsho,types=クラス1;処理;クラス3;クラス4;クラス5;クラス6;クラス7;削除予定;クラス9
250702144923: HistoryEditPage.php: second pass
250702144923: HistoryEditPage.php: edit:クラス1;処理;クラス3;クラス4;クラス5;クラス6;クラス7;削除予定;クラス9
250702144923: HistoryEditPage.php: <td><input type=text name=etype1 size=5 value=クラス1></td>
250702144923: HistoryEditPage.php: <td><input type=text name=etype2 size=5 value=処理></td>
250702144923: HistoryEditPage.php: <td><input type=text name=etype3 size=5 value=クラス3></td>
250702144923: HistoryEditPage.php: <td><input type=text name=etype4 size=5 value=クラス4></td>
250702144923: HistoryEditPage.php: <td><input type=text name=etype5 size=5 value=クラス5></td>
250702144923: HistoryEditPage.php: <td><input type=text name=etype6 size=5 value=クラス6></td>
250702144923: HistoryEditPage.php: <td><input type=text name=etype7 size=5 value=クラス7></td>
250702144923: HistoryEditPage.php: <td><input type=text name=etype8 size=5 value=削除予定></td>
250702144923: HistoryEditPage.php: <td><input type=text name=etype9 size=5 value=クラス9></td>
250702153837: HistoryEditPage.php: first_pass
250702153837: HistoryEditPage.php: paramSet:brcode=edit,user=oshima,password=amihsho,types=クラス1;処理;クラス3;クラス4;クラス5;クラス6;クラス7;削除予定;クラス9
250702153837: HistoryEditPage.php: second pass
250702153837: HistoryEditPage.php: edit:クラス1;処理;クラス3;クラス4;クラス5;クラス6;クラス7;削除予定;クラス9
250702153837: HistoryEditPage.php: <td><input type=text name=etype1 size=5 value=クラス1></td>
250702153837: HistoryEditPage.php: <td><input type=text name=etype2 size=5 value=処理></td>
250702153837: HistoryEditPage.php: <td><input type=text name=etype3 size=5 value=クラス3></td>
250702153837: HistoryEditPage.php: <td><input type=text name=etype4 size=5 value=クラス4></td>
250702153837: HistoryEditPage.php: <td><input type=text name=etype5 size=5 value=クラス5></td>
250702153837: HistoryEditPage.php: <td><input type=text name=etype6 size=5 value=クラス6></td>
250702153837: HistoryEditPage.php: <td><input type=text name=etype7 size=5 value=クラス7></td>
250702153837: HistoryEditPage.php: <td><input type=text name=etype8 size=5 value=削除予定></td>
250702153837: HistoryEditPage.php: <td><input type=text name=etype9 size=5 value=クラス9></td>
250702154058: HistoryEditPage.php: first_pass
250702154058: HistoryEditPage.php: paramSet:brcode=edit,user=oshima,password=amihsho,types=クラス1;処理;クラス3;クラス4;クラス5;クラス6;クラス7;削除予定;クラス9
250702154058: HistoryEditPage.php: second pass
250702154058: HistoryEditPage.php: edit:クラス1;処理;クラス3;クラス4;クラス5;クラス6;クラス7;削除予定;クラス9
250702154058: HistoryEditPage.php: <td><input type=text name=etype1 size=5 value=クラス1></td>
250702154058: HistoryEditPage.php: <td><input type=text name=etype2 size=5 value=処理></td>
250702154058: HistoryEditPage.php: <td><input type=text name=etype3 size=5 value=クラス3></td>
250702154058: HistoryEditPage.php: <td><input type=text name=etype4 size=5 value=クラス4></td>
250702154058: HistoryEditPage.php: <td><input type=text name=etype5 size=5 value=クラス5></td>
250702154058: HistoryEditPage.php: <td><input type=text name=etype6 size=5 value=クラス6></td>
250702154058: HistoryEditPage.php: <td><input type=text name=etype7 size=5 value=クラス7></td>
250702154058: HistoryEditPage.php: <td><input type=text name=etype8 size=5 value=削除予定></td>
250702154058: HistoryEditPage.php: <td><input type=text name=etype9 size=5 value=クラス9></td>
250702155504: HistoryEditPage.php: first_pass
250702155504: HistoryEditPage.php: paramSet:brcode=edit,user=oshima,password=amihsho,types=クラス1;処理;クラス3;クラス4;クラス5;クラス6;クラス7;削除予定;クラス9
250702155504: HistoryEditPage.php: second pass
250702155504: HistoryEditPage.php: edit:クラス1;処理;クラス3;クラス4;クラス5;クラス6;クラス7;削除予定;クラス9
250702155504: HistoryEditPage.php: <td><input type=text name=etype1 size=5 value=クラス1></td>
250702155504: HistoryEditPage.php: <td><input type=text name=etype2 size=5 value=処理></td>
250702155504: HistoryEditPage.php: <td><input type=text name=etype3 size=5 value=クラス3></td>
250702155504: HistoryEditPage.php: <td><input type=text name=etype4 size=5 value=クラス4></td>
250702155504: HistoryEditPage.php: <td><input type=text name=etype5 size=5 value=クラス5></td>
250702155504: HistoryEditPage.php: <td><input type=text name=etype6 size=5 value=クラス6></td>
250702155504: HistoryEditPage.php: <td><input type=text name=etype7 size=5 value=クラス7></td>
250702155504: HistoryEditPage.php: <td><input type=text name=etype8 size=5 value=削除予定></td>
250702155504: HistoryEditPage.php: <td><input type=text name=etype9 size=5 value=クラス9></td>
250702155615: HistoryEditPage.php: first_pass
250702155615: HistoryEditPage.php: paramSet:brcode=edit,user=oshima,password=amihsho,types=クラス1;処理;クラス3;クラス4;クラス5;クラス6;クラス7;削除予定;クラス9
250702155615: HistoryEditPage.php: second pass
250702155615: HistoryEditPage.php: edit:クラス1;処理;クラス3;クラス4;クラス5;クラス6;クラス7;削除予定;クラス9
250702155615: HistoryEditPage.php: <td><input type=text name=etype1 size=5 value=クラス1></td>
250702155615: HistoryEditPage.php: <td><input type=text name=etype2 size=5 value=処理></td>
250702155615: HistoryEditPage.php: <td><input type=text name=etype3 size=5 value=クラス3></td>
250702155615: HistoryEditPage.php: <td><input type=text name=etype4 size=5 value=クラス4></td>
250702155615: HistoryEditPage.php: <td><input type=text name=etype5 size=5 value=クラス5></td>
250702155615: HistoryEditPage.php: <td><input type=text name=etype6 size=5 value=クラス6></td>
250702155615: HistoryEditPage.php: <td><input type=text name=etype7 size=5 value=クラス7></td>
250702155615: HistoryEditPage.php: <td><input type=text name=etype8 size=5 value=削除予定></td>
250702155615: HistoryEditPage.php: <td><input type=text name=etype9 size=5 value=クラス9></td>
250702155658: HistoryEditPage.php: first_pass
250702155658: HistoryEditPage.php: paramSet:brcode=edit,user=oshima,password=amihsho,types=クラス1;処理;クラス3;クラス4;クラス5;クラス6;クラス7;削除予定;クラス9
250702155658: HistoryEditPage.php: second pass
250702155658: HistoryEditPage.php: edit:クラス1;処理;クラス3;クラス4;クラス5;クラス6;クラス7;削除予定;クラス9
250702155658: HistoryEditPage.php: <td><input type=text name=etype1 size=5 value=クラス1></td>
250702155658: HistoryEditPage.php: <td><input type=text name=etype2 size=5 value=処理></td>
250702155658: HistoryEditPage.php: <td><input type=text name=etype3 size=5 value=クラス3></td>
250702155658: HistoryEditPage.php: <td><input type=text name=etype4 size=5 value=クラス4></td>
250702155658: HistoryEditPage.php: <td><input type=text name=etype5 size=5 value=クラス5></td>
250702155658: HistoryEditPage.php: <td><input type=text name=etype6 size=5 value=クラス6></td>
250702155658: HistoryEditPage.php: <td><input type=text name=etype7 size=5 value=クラス7></td>
250702155658: HistoryEditPage.php: <td><input type=text name=etype8 size=5 value=削除予定></td>
250702155658: HistoryEditPage.php: <td><input type=text name=etype9 size=5 value=クラス9></td>
250702162439: HistoryEditPage.php: first_pass
250702162439: HistoryEditPage.php: paramSet:brcode=edit,user=oshima,password=amihsho,types=クラス1;処理;クラス3;クラス4;クラス5;クラス6;クラス7;削除予定;クラス9
250702162439: HistoryEditPage.php: second pass
250702162439: HistoryEditPage.php: edit:クラス1;処理;クラス3;クラス4;クラス5;クラス6;クラス7;削除予定;クラス9
250702162439: HistoryEditPage.php: <td><input type=text name=etype1 size=5 value=クラス1></td>
250702162439: HistoryEditPage.php: <td><input type=text name=etype2 size=5 value=処理></td>
250702162439: HistoryEditPage.php: <td><input type=text name=etype3 size=5 value=クラス3></td>
250702162439: HistoryEditPage.php: <td><input type=text name=etype4 size=5 value=クラス4></td>
250702162439: HistoryEditPage.php: <td><input type=text name=etype5 size=5 value=クラス5></td>
250702162439: HistoryEditPage.php: <td><input type=text name=etype6 size=5 value=クラス6></td>
250702162439: HistoryEditPage.php: <td><input type=text name=etype7 size=5 value=クラス7></td>
250702162439: HistoryEditPage.php: <td><input type=text name=etype8 size=5 value=削除予定></td>
250702162439: HistoryEditPage.php: <td><input type=text name=etype9 size=5 value=クラス9></td>
250702162439: HistoryEditPage.php: first_pass
250702162439: HistoryEditPage.php: paramSet:brcode=edit,user=oshima,password=amihsho,types=クラス1;処理;クラス3;クラス4;クラス5;クラス6;クラス7;削除予定;クラス9
250702162439: HistoryEditPage.php: second pass
250702162439: HistoryEditPage.php: edit:クラス1;処理;クラス3;クラス4;クラス5;クラス6;クラス7;削除予定;クラス9
250702162439: HistoryEditPage.php: <td><input type=text name=etype1 size=5 value=クラス1></td>
250702162439: HistoryEditPage.php: <td><input type=text name=etype2 size=5 value=処理></td>
250702162439: HistoryEditPage.php: <td><input type=text name=etype3 size=5 value=クラス3></td>
250702162439: HistoryEditPage.php: <td><input type=text name=etype4 size=5 value=クラス4></td>
250702162439: HistoryEditPage.php: <td><input type=text name=etype5 size=5 value=クラス5></td>
250702162439: HistoryEditPage.php: <td><input type=text name=etype6 size=5 value=クラス6></td>
250702162439: HistoryEditPage.php: <td><input type=text name=etype7 size=5 value=クラス7></td>
250702162439: HistoryEditPage.php: <td><input type=text name=etype8 size=5 value=削除予定></td>
250702162439: HistoryEditPage.php: <td><input type=text name=etype9 size=5 value=クラス9></td>
250702162731: HistoryEditPage.php: first_pass
250702162731: HistoryEditPage.php: paramSet:brcode=edit,user=oshima,password=amihsho,types=クラス1;処理;クラス3;クラス4;クラス5;クラス6;クラス7;削除予定;クラス9
250702162731: HistoryEditPage.php: second pass
250702162731: HistoryEditPage.php: edit:クラス1;処理;クラス3;クラス4;クラス5;クラス6;クラス7;削除予定;クラス9
250702162731: HistoryEditPage.php: h
250702162731: HistoryEditPage.php: <td><input type=text name=etype1 size=5 value=クラス1></td>
250702162731: HistoryEditPage.php: <td><input type=text name=etype2 size=5 value=処理></td>
250702162731: HistoryEditPage.php: <td><input type=text name=etype3 size=5 value=クラス3></td>
250702162731: HistoryEditPage.php: <td><input type=text name=etype4 size=5 value=クラス4></td>
250702162731: HistoryEditPage.php: <td><input type=text name=etype5 size=5 value=クラス5></td>
250702162731: HistoryEditPage.php: <td><input type=text name=etype6 size=5 value=クラス6></td>
250702162731: HistoryEditPage.php: <td><input type=text name=etype7 size=5 value=クラス7></td>
250702162731: HistoryEditPage.php: <td><input type=text name=etype8 size=5 value=削除予定></td>
250702162731: HistoryEditPage.php: <td><input type=text name=etype9 size=5 value=クラス9></td>
250702162831: HistoryEditPage.php: first_pass
250702162831: HistoryEditPage.php: paramSet:brcode=edit,user=oshima,password=amihsho,types=クラス1;処理;クラス3;クラス4;クラス5;クラス6;クラス7;削除予定;クラス9
250702162831: HistoryEditPage.php: second pass
250702162831: HistoryEditPage.php: edit:クラス1;処理;クラス3;クラス4;クラス5;クラス6;クラス7;削除予定;クラス9
250702162831: HistoryEditPage.php: histtboshima
250702162831: HistoryEditPage.php: <td><input type=text name=etype1 size=5 value=クラス1></td>
250702162831: HistoryEditPage.php: <td><input type=text name=etype2 size=5 value=処理></td>
250702162831: HistoryEditPage.php: <td><input type=text name=etype3 size=5 value=クラス3></td>
250702162831: HistoryEditPage.php: <td><input type=text name=etype4 size=5 value=クラス4></td>
250702162831: HistoryEditPage.php: <td><input type=text name=etype5 size=5 value=クラス5></td>
250702162831: HistoryEditPage.php: <td><input type=text name=etype6 size=5 value=クラス6></td>
250702162831: HistoryEditPage.php: <td><input type=text name=etype7 size=5 value=クラス7></td>
250702162831: HistoryEditPage.php: <td><input type=text name=etype8 size=5 value=削除予定></td>
250702162831: HistoryEditPage.php: <td><input type=text name=etype9 size=5 value=クラス9></td>
250702163251: HistoryEditPage.php: first_pass
250702163251: HistoryEditPage.php: paramSet:brcode=edit,user=oshima,password=amihsho,types=クラス1;処理;クラス3;クラス4;クラス5;クラス6;クラス7;削除予定;クラス9
250702163251: HistoryEditPage.php: second pass
250702163251: HistoryEditPage.php: edit:クラス1;処理;クラス3;クラス4;クラス5;クラス6;クラス7;削除予定;クラス9
250702163251: HistoryEditPage.php: histtboshima
250702163251: HistoryEditPage.php: <td><input type=text name=etype1 size=5 value=クラス1></td>
250702163251: HistoryEditPage.php: <td><input type=text name=etype2 size=5 value=処理></td>
250702163251: HistoryEditPage.php: <td><input type=text name=etype3 size=5 value=クラス3></td>
250702163251: HistoryEditPage.php: <td><input type=text name=etype4 size=5 value=クラス4></td>
250702163251: HistoryEditPage.php: <td><input type=text name=etype5 size=5 value=クラス5></td>
250702163251: HistoryEditPage.php: <td><input type=text name=etype6 size=5 value=クラス6></td>
250702163251: HistoryEditPage.php: <td><input type=text name=etype7 size=5 value=クラス7></td>
250702163251: HistoryEditPage.php: <td><input type=text name=etype8 size=5 value=削除予定></td>
250702163251: HistoryEditPage.php: <td><input type=text name=etype9 size=5 value=クラス9></td>
250702163430: HistoryEditPage.php: first_pass
250702163430: HistoryEditPage.php: paramSet:brcode=edit,user=oshima,password=amihsho,types=クラス1;処理;クラス3;クラス4;クラス5;クラス6;クラス7;削除予定;クラス9
250702163430: HistoryEditPage.php: second pass
250702163430: HistoryEditPage.php: edit:クラス1;処理;クラス3;クラス4;クラス5;クラス6;クラス7;削除予定;クラス9
250702163430: HistoryEditPage.php: histtboshima
250702163430: HistoryEditPage.php: <td><input type=text name=etype1 size=5 value=クラス1></td>
250702163430: HistoryEditPage.php: <td><input type=text name=etype2 size=5 value=処理></td>
250702163430: HistoryEditPage.php: <td><input type=text name=etype3 size=5 value=クラス3></td>
250702163430: HistoryEditPage.php: <td><input type=text name=etype4 size=5 value=クラス4></td>
250702163430: HistoryEditPage.php: <td><input type=text name=etype5 size=5 value=クラス5></td>
250702163430: HistoryEditPage.php: <td><input type=text name=etype6 size=5 value=クラス6></td>
250702163430: HistoryEditPage.php: <td><input type=text name=etype7 size=5 value=クラス7></td>
250702163430: HistoryEditPage.php: <td><input type=text name=etype8 size=5 value=削除予定></td>
250702163430: HistoryEditPage.php: <td><input type=text name=etype9 size=5 value=クラス9></td>
250702163640: HistoryEditPage.php: first_pass
250702163640: HistoryEditPage.php: paramSet:brcode=edit,user=oshima,password=amihsho,types=クラス1;処理;クラス3;クラス4;クラス5;クラス6;クラス7;削除予定;クラス9
250702163640: HistoryEditPage.php: second pass
250702163640: HistoryEditPage.php: edit:クラス1;処理;クラス3;クラス4;クラス5;クラス6;クラス7;削除予定;クラス9
250702163640: HistoryEditPage.php: histtboshima
250702163641: HistoryEditPage.php: first_pass
250702163641: HistoryEditPage.php: paramSet:brcode=edit,user=oshima,password=amihsho,types=クラス1;処理;クラス3;クラス4;クラス5;クラス6;クラス7;削除予定;クラス9
250702163641: HistoryEditPage.php: second pass
250702163641: HistoryEditPage.php: edit:クラス1;処理;クラス3;クラス4;クラス5;クラス6;クラス7;削除予定;クラス9
250702163641: HistoryEditPage.php: histtboshima
250702163805: HistoryEditPage.php: first_pass
250702163805: HistoryEditPage.php: paramSet:brcode=edit,user=oshima,password=amihsho,types=クラス1;処理;クラス3;クラス4;クラス5;クラス6;クラス7;削除予定;クラス9
250702163805: HistoryEditPage.php: second pass
250702163805: HistoryEditPage.php: edit:クラス1;処理;クラス3;クラス4;クラス5;クラス6;クラス7;削除予定;クラス9
250702163805: HistoryEditPage.php: histtboshima
250702163805: HistoryEditPage.php: <td><input type=text name=etype1 size=5 value=クラス1></td>
250702163805: HistoryEditPage.php: <td><input type=text name=etype2 size=5 value=処理></td>
250702163805: HistoryEditPage.php: <td><input type=text name=etype3 size=5 value=クラス3></td>
250702163805: HistoryEditPage.php: <td><input type=text name=etype4 size=5 value=クラス4></td>
250702163805: HistoryEditPage.php: <td><input type=text name=etype5 size=5 value=クラス5></td>
250702163805: HistoryEditPage.php: <td><input type=text name=etype6 size=5 value=クラス6></td>
250702163805: HistoryEditPage.php: <td><input type=text name=etype7 size=5 value=クラス7></td>
250702163805: HistoryEditPage.php: <td><input type=text name=etype8 size=5 value=削除予定></td>
250702163805: HistoryEditPage.php: <td><input type=text name=etype9 size=5 value=クラス9></td>
250702164046: HistoryEditPage.php: first_pass
250702164046: HistoryEditPage.php: paramSet:brcode=edit,user=oshima,password=amihsho,types=クラス1;処理;クラス3;クラス4;クラス5;クラス6;クラス7;削除予定;クラス9
250702164046: HistoryEditPage.php: second pass
250702164046: HistoryEditPage.php: edit:クラス1;処理;クラス3;クラス4;クラス5;クラス6;クラス7;削除予定;クラス9
250702164046: HistoryEditPage.php: histtboshima
250702164046: HistoryEditPage.php: <td><input type=text name=etype1 size=5 value=クラス1></td>
250702164046: HistoryEditPage.php: <td><input type=text name=etype2 size=5 value=処理></td>
250702164046: HistoryEditPage.php: <td><input type=text name=etype3 size=5 value=クラス3></td>
250702164046: HistoryEditPage.php: <td><input type=text name=etype4 size=5 value=クラス4></td>
250702164046: HistoryEditPage.php: <td><input type=text name=etype5 size=5 value=クラス5></td>
250702164046: HistoryEditPage.php: <td><input type=text name=etype6 size=5 value=クラス6></td>
250702164046: HistoryEditPage.php: <td><input type=text name=etype7 size=5 value=クラス7></td>
250702164046: HistoryEditPage.php: <td><input type=text name=etype8 size=5 value=削除予定></td>
250702164046: HistoryEditPage.php: <td><input type=text name=etype9 size=5 value=クラス9></td>
250702180610: HistoryEditPage.php: first_pass
250702180610: HistoryEditPage.php: paramSet:brcode=edit,user=oshima,password=amihsho,types=クラス1;処理;クラス3;クラス4;クラス5;クラス6;クラス7;削除予定;クラス9
250702180610: HistoryEditPage.php: second pass
250702180610: HistoryEditPage.php: edit:クラス1;処理;クラス3;クラス4;クラス5;クラス6;クラス7;削除予定;クラス9
250702180610: HistoryEditPage.php: histtboshima
250702180610: HistoryEditPage.php: <td><input type=text name=etype1 size=5 value=クラス1></td>
250702180610: HistoryEditPage.php: <td><input type=text name=etype2 size=5 value=処理></td>
250702180610: HistoryEditPage.php: <td><input type=text name=etype3 size=5 value=クラス3></td>
250702180610: HistoryEditPage.php: <td><input type=text name=etype4 size=5 value=クラス4></td>
250702180610: HistoryEditPage.php: <td><input type=text name=etype5 size=5 value=クラス5></td>
250702180610: HistoryEditPage.php: <td><input type=text name=etype6 size=5 value=クラス6></td>
250702180610: HistoryEditPage.php: <td><input type=text name=etype7 size=5 value=クラス7></td>
250702180610: HistoryEditPage.php: <td><input type=text name=etype8 size=5 value=削除予定></td>
250702180610: HistoryEditPage.php: <td><input type=text name=etype9 size=5 value=クラス9></td>
250702180644: HistoryEditPage.php: first_pass
250702180811: HistoryEditPage.php: first_pass
250702180811: HistoryEditPage.php: paramSet:brcode=edit,user=oshima,password=amihsho,types=クラス1;処理;クラス3;クラス4;クラス5;クラス6;クラス7;削除予定;クラス9
250702180811: HistoryEditPage.php: second pass
250702180811: HistoryEditPage.php: edit:クラス1;処理;クラス3;クラス4;クラス5;クラス6;クラス7;削除予定;クラス9
250702180811: HistoryEditPage.php: histtboshima
250702180811: HistoryEditPage.php: <td><input type=text name=etype1 size=5 value=クラス1></td>
250702180811: HistoryEditPage.php: <td><input type=text name=etype2 size=5 value=処理></td>
250702180811: HistoryEditPage.php: <td><input type=text name=etype3 size=5 value=クラス3></td>
250702180811: HistoryEditPage.php: <td><input type=text name=etype4 size=5 value=クラス4></td>
250702180811: HistoryEditPage.php: <td><input type=text name=etype5 size=5 value=クラス5></td>
250702180811: HistoryEditPage.php: <td><input type=text name=etype6 size=5 value=クラス6></td>
250702180811: HistoryEditPage.php: <td><input type=text name=etype7 size=5 value=クラス7></td>
250702180811: HistoryEditPage.php: <td><input type=text name=etype8 size=5 value=削除予定></td>
250702180811: HistoryEditPage.php: <td><input type=text name=etype9 size=5 value=クラス9></td>
250702180823: HistoryEditPage.php: first_pass
250702180823: HistoryEditPage.php: first_pass
250702180823: HistoryEditPage.php: paramSet:brcode=error,user=abc,password=設定が見つかりません、ユーザーを見直すか登録をして下さい,types=
250702180823: HistoryEditPage.php: second pass
250702180823: HistoryEditPage.php: histtboshima
250702180823: HistoryEditPage.php: <td><input type=text name=etype1 size=5 value=></td>
250702180823: HistoryEditPage.php: <td><input type=text name=etype2 size=5 value=></td>
250702180823: HistoryEditPage.php: <td><input type=text name=etype3 size=5 value=></td>
250702180823: HistoryEditPage.php: <td><input type=text name=etype4 size=5 value=></td>
250702180823: HistoryEditPage.php: <td><input type=text name=etype5 size=5 value=></td>
250702180823: HistoryEditPage.php: <td><input type=text name=etype6 size=5 value=></td>
250702180823: HistoryEditPage.php: <td><input type=text name=etype7 size=5 value=></td>
250702180823: HistoryEditPage.php: <td><input type=text name=etype8 size=5 value=></td>
250702180823: HistoryEditPage.php: <td><input type=text name=etype9 size=5 value=></td>
250702193603: HistoryEditPage.php: first_pass
250702193603: HistoryEditPage.php: create table histtbabc ( user varchar(20) not null primary key, password varchar(20) not null default '' ,  )
250702193813: HistoryEditPage.php: first_pass
250702193813: HistoryEditPage.php: create table histtbabc (  ,  )
250702193823: HistoryEditPage.php: first_pass
250702193823: HistoryEditPage.php: create table histtbabc (  ,  )
